id,first_name,last_name,email,age
1,John,Doe,john.doe@example.com,28
2,Jane,Smith,jane.smith@example.com,34
3,Robert,Brown,robert.brown@example.com,45
4,Emily,Davis,emily.davis@example.com,29
5,Michael,Wilson,michael.wilson@example.com,38
6,Sarah,Johnson,sarah.johnson@example.com,31
7,David,Lee,david.lee@example.com,27
8,Lisa,Martinez,lisa.martinez@example.com,40
9,James,Anderson,james.anderson@example.com,33
10,Linda,Thomas,linda.thomas@example.com,52
11,William,Jackson,william.jackson@example.com,29
12,Patricia,White,patricia.white@example.com,36
13,Charles,Harris,charles.harris@example.com,41
14,Mary,Clark,mary.clark@example.com,26
15,Richard,Lewis,richard.lewis@example.com,48
16,Jennifer,Walker,jennifer.walker@example.com,30
17,Joseph,Hall,joseph.hall@example.com,35
18,Maria,Allen,maria.allen@example.com,44
19,Thomas,Young,thomas.young@example.com,37
20,Susan,King,susan.king@example.com,28
21,Daniel,Wright,daniel.wright@example.com,32
22,Nancy,Scott,nancy.scott@example.com,39
23,Matthew,Green,matthew.green@example.com,27
24,Laura,Adams,laura.adams@example.com,31
25,Kevin,Evans,kevin.evans@example.com,45
26,Karen,Nelson,karen.nelson@example.com,29
27,Christopher,Baker,christopher.baker@example.com,34
28,Barbara,Hill,barbara.hill@example.com,50
29,Paul,Carter,paul.carter@example.com,38
30,Sandra,Rivera,sandra.rivera@example.com,33
31,Mark,Mitchell,mark.mitchell@example.com,42
32,Elizabeth,Perez,elizabeth.perez@example.com,28
33,Donald,Roberts,donald.roberts@example.com,47
34,Margaret,Turner,margaret.turner@example.com,36
35,Steven,Phillips,steven.phillips@example.com,29
36,Dorothy,Campbell,dorothy.campbell@example.com,41
37,Andrew,Parker,andrew.parker@example.com,30
38,Helen,Evans,helen.evans@example.com,39
39,Joshua,Edwards,joshua.edwards@example.com,32
40,Ashley,Collins,ashley.collins@example.com,27
41,Brian,Stewart,brian.stewart@example.com,44
42,Kimberly,Sanchez,kimberly.sanchez@example.com,31
43,Edward,Morris,edward.morris@example.com,38
44,Donna,Rogers,donna.rogers@example.com,29
45,Ronald,Reed,ronald.reed@example.com,46
46,Carol,Morgan,carol.morgan@example.com,33
47,Anthony,Brooks,anthony.brooks@example.com,35
48,Ruth,Bell,ruth.bell@example.com,40
49,Jeffrey,Murphy,jeffrey.murphy@example.com,28
50,Stephanie,Bailey,stephanie.bailey@example.com,37
51,Frank,Rivera,frank.rivera@example.com,42
52,Sharon,Cooper,sharon.cooper@example.com,30
53,Raymond,Richardson,raymond.richardson@example.com,49
54,Cynthia,Cox,cynthia.cox@example.com,34
55,Jason,Howard,jason.howard@example.com,31
56,Amy,Ward,amy.ward@example.com,26
57,Ryan,Torres,ryan.torres@example.com,39
58,Angela,Peterson,angela.peterson@example.com,36
59,Jacob,Gray,jacob.gray@example.com,29
60,Brenda,Ramirez,brenda.ramirez@example.com,43
61,Gary,James,gary.james@example.com,32
62,Nicole,Watson,nicole.watson@example.com,27
63,Timothy,Brooks,timothy.brooks@example.com,45
64,Virginia,Reed,virginia.reed@example.com,38
65,Samuel,Sanders,samuel.sanders@example.com,30
66,Katherine,Price,katherine.price@example.com,35
67,Patrick,Bennett,patrick.bennett@example.com,41
68,Debra,Wood,debra.wood@example.com,28
69,Peter,Barnes,peter.barnes@example.com,37
70,Rachel,Ross,rachel.ross@example.com,33
71,Harold,Henderson,harold.henderson@example.com,46
72,Heather,Coleman,heather.coleman@example.com,29
73,Douglas,Jenkins,douglas.jenkins@example.com,40
74,Emma,Patterson,emma.patterson@example.com,31
75,Carl,Long,carl.long@example.com,34
76,Anna,Flores,anna.flores@example.com,27
77,Arthur,Washington,arthur.washington@example.com,48
78,Mildred,Butler,mildred.butler@example.com,36
79,Roger,Simmons,roger.simmons@example.com,32
80,Phyllis,Foster,phyllis.foster@example.com,39
81,Scott,Gonzales,scott.gonzales@example.com,30
82,Marie,Bryant,marie.bryant@example.com,43
83,Jack,Alexander,jack.alexander@example.com,28
84,Julia,Russell,julia.russell@example.com,37
85,Benjamin,Griffin,benjamin.griffin@example.com,41
86,Teresa,Diaz,teresa.diaz@example.com,29
87,Lawrence,Hayes,lawrence.hayes@example.com,35
88,Judith,Myers,judith.myers@example.com,44
89,Alan,Ford,alan.ford@example.com,31
90,Diana,Hamilton,diana.hamilton@example.com,26
91,Willie,Graham,willie.graham@example.com,47
92,Evelyn,Kelly,evelyn.kelly@example.com,33
93,Wayne,Reynolds,wayne.reynolds@example.com,38
94,Christine,Ellis,christine.ellis@example.com,30
95,Philip,Owen,philip.owen@example.com,42
96,Lillian,West,lillian.west@example.com,36
97,Randy,Spencer,randy.spencer@example.com,29
98,Joan,Jordan,joan.jordan@example.com,40
99,Henry,Palmer,henry.palmer@example.com,34
100,Ann,Lawson,ann.lawson@example.com,31
25,Kevin,Evans,kevin.evans@example.com,45
26,Karen,Nelson,karen.nelson@example.com,29
27,Christopher,Baker,christopher.baker@example.com,34
28,Barbara,Hill,barbara.hill@example.com,50
29,Paul,Carter,paul.carter@example.com,38
30,Sandra,Rivera,sandra.rivera@example.com,33
31,Mark,Mitchell,mark.mitchell@example.com,42
32,Elizabeth,Perez,elizabeth.perez@example.com,28
33,Donald,Roberts,donald.roberts@example.com,47
34,Margaret,Turner,margaret.turner@example.com,36
35,Steven,Phillips,steven.phillips@example.com,29
36,Dorothy,Campbell,dorothy.campbell@example.com,41
37,Andrew,Parker,andrew.parker@example.com,30
38,Helen,Evans,helen.evans@example.com,39
39,Joshua,Edwards,joshua.edwards@example.com,32
40,Ashley,Collins,ashley.collins@example.com,27
41,Brian,Stewart,brian.stewart@example.com,44
42,Kimberly,Sanchez,kimberly.sanchez@example.com,31
43,Edward,Morris,edward.morris@example.com,38
44,Donna,Rogers,donna.rogers@example.com,29
45,Ronald,Reed,ronald.reed@example.com,46
46,Carol,Morgan,carol.morgan@example.com,33
47,Anthony,Brooks,anthony.brooks@example.com,35
48,Ruth,Bell,ruth.bell@example.com,40
49,Jeffrey,Murphy,jeffrey.murphy@example.com,28
50,Stephanie,Bailey,stephanie.bailey@example.com,37
51,Frank,Rivera,frank.rivera@example.com,42
52,Sharon,Cooper,sharon.cooper@example.com,30
53,Raymond,Richardson,raymond.richardson@example.com,49
54,Cynthia,Cox,cynthia.cox@example.com,34
55,Jason,Howard,jason.howard@example.com,31
56,Amy,Ward,amy.ward@example.com,26
57,Ryan,Torres,ryan.torres@example.com,39
58,Angela,Peterson,angela.peterson@example.com,36
59,Jacob,Gray,jacob.gray@example.com,29
60,Brenda,Ramirez,brenda.ramirez@example.com,43
61,Gary,James,gary.james@example.com,32
62,Nicole,Watson,nicole.watson@example.com,27
63,Timothy,Brooks,timothy.brooks@example.com,45
64,Virginia,Reed,virginia.reed@example.com,38
65,Samuel,Sanders,samuel.sanders@example.com,30
66,Katherine,Price,katherine.price@example.com,35
67,Patrick,Bennett,patrick.bennett@example.com,41
68,Debra,Wood,debra.wood@example.com,28
69,Peter,Barnes,peter.barnes@example.com,37
70,Rachel,Ross,rachel.ross@example.com,33
71,Harold,Henderson,harold.henderson@example.com,46
72,Heather,Coleman,heather.coleman@example.com,29
73,Douglas,Jenkins,douglas.jenkins@example.com,40
74,Emma,Patterson,emma.patterson@example.com,31
75,Carl,Long,carl.long@example.com,34
76,Anna,Flores,anna.flores@example.com,27
77,Arthur,Washington,arthur.washington@example.com,48
78,Mildred,Butler,mildred.butler@example.com,36
79,Roger,Simmons,roger.simmons@example.com,32
80,Phyllis,Foster,phyllis.foster@example.com,39
81,Scott,Gonzales,scott.gonzales@example.com,30
82,Marie,Bryant,marie.bryant@example.com,43
83,Jack,Alexander,jack.alexander@example.com,28
84,Julia,Russell,julia.russell@example.com,37
85,Benjamin,Griffin,benjamin.griffin@example.com,41
86,Teresa,Diaz,teresa.diaz@example.com,29
87,Lawrence,Hayes,lawrence.hayes@example.com,35
88,Judith,Myers,judith.myers@example.com,44
89,Alan,Ford,alan.ford@example.com,31
90,Diana,Hamilton,diana.hamilton@example.com,26
91,Willie,Graham,willie.graham@example.com,47
92,Evelyn,Kelly,evelyn.kelly@example.com,33
93,Wayne,Reynolds,wayne.reynolds@example.com,38
94,Christine,Ellis,christine.ellis@example.com,30
95,Philip,Owen,philip.owen@example.com,42
96,Lillian,West,lillian.west@example.com,36
97,Randy,Spencer,randy.spencer@example.com,29
98,Joan,Jordan,joan.jordan@example.com,40
99,Henry,Palmer,henry.palmer@example.com,34
100,Ann,Lawson,ann.lawson@example.com,31
25,Kevin,Evans,kevin.evans@example.com,45
26,Karen,Nelson,karen.nelson@example.com,29
27,Christopher,Baker,christopher.baker@example.com,34
28,Barbara,Hill,barbara.hill@example.com,50
29,Paul,Carter,paul.carter@example.com,38
30,Sandra,Rivera,sandra.rivera@example.com,33
31,Mark,Mitchell,mark.mitchell@example.com,42
32,Elizabeth,Perez,elizabeth.perez@example.com,28
33,Donald,Roberts,donald.roberts@example.com,47
34,Margaret,Turner,margaret.turner@example.com,36
35,Steven,Phillips,steven.phillips@example.com,29
36,Dorothy,Campbell,dorothy.campbell@example.com,41
37,Andrew,Parker,andrew.parker@example.com,30
38,Helen,Evans,helen.evans@example.com,39
39,Joshua,Edwards,joshua.edwards@example.com,32
40,Ashley,Collins,ashley.collins@example.com,27
41,Brian,Stewart,brian.stewart@example.com,44
42,Kimberly,Sanchez,kimberly.sanchez@example.com,31
43,Edward,Morris,edward.morris@example.com,38
44,Donna,Rogers,donna.rogers@example.com,29
45,Ronald,Reed,ronald.reed@example.com,46
46,Carol,Morgan,carol.morgan@example.com,33
47,Anthony,Brooks,anthony.brooks@example.com,35
48,Ruth,Bell,ruth.bell@example.com,40
49,Jeffrey,Murphy,jeffrey.murphy@example.com,28
50,Stephanie,Bailey,stephanie.bailey@example.com,37
51,Frank,Rivera,frank.rivera@example.com,42
52,Sharon,Cooper,sharon.cooper@example.com,30
53,Raymond,Richardson,raymond.richardson@example.com,49
54,Cynthia,Cox,cynthia.cox@example.com,34
55,Jason,Howard,jason.howard@example.com,31
56,Amy,Ward,amy.ward@example.com,26
57,Ryan,Torres,ryan.torres@example.com,39
58,Angela,Peterson,angela.peterson@example.com,36
59,Jacob,Gray,jacob.gray@example.com,29
60,Brenda,Ramirez,brenda.ramirez@example.com,43
61,Gary,James,gary.james@example.com,32
62,Nicole,Watson,nicole.watson@example.com,27
63,Timothy,Brooks,timothy.brooks@example.com,45
64,Virginia,Reed,virginia.reed@example.com,38
65,Samuel,Sanders,samuel.sanders@example.com,30
66,Katherine,Price,katherine.price@example.com,35
67,Patrick,Bennett,patrick.bennett@example.com,41
68,Debra,Wood,debra.wood@example.com,28
69,Peter,Barnes,peter.barnes@example.com,37
70,Rachel,Ross,rachel.ross@example.com,33
71,Harold,Henderson,harold.henderson@example.com,46
72,Heather,Coleman,heather.coleman@example.com,29
73,Douglas,Jenkins,douglas.jenkins@example.com,40
74,Emma,Patterson,emma.patterson@example.com,31
75,Carl,Long,carl.long@example.com,34
76,Anna,Flores,anna.flores@example.com,27
77,Arthur,Washington,arthur.washington@example.com,48
78,Mildred,Butler,mildred.butler@example.com,36
79,Roger,Simmons,roger.simmons@example.com,32
80,Phyllis,Foster,phyllis.foster@example.com,39
81,Scott,Gonzales,scott.gonzales@example.com,30
82,Marie,Bryant,marie.bryant@example.com,43
83,Jack,Alexander,jack.alexander@example.com,28
84,Julia,Russell,julia.russell@example.com,37
85,Benjamin,Griffin,benjamin.griffin@example.com,41
86,Teresa,Diaz,teresa.diaz@example.com,29
87,Lawrence,Hayes,lawrence.hayes@example.com,35
88,Judith,Myers,judith.myers@example.com,44
89,Alan,Ford,alan.ford@example.com,31
90,Diana,Hamilton,diana.hamilton@example.com,26
91,Willie,Graham,willie.graham@example.com,47
92,Evelyn,Kelly,evelyn.kelly@example.com,33
93,Wayne,Reynolds,wayne.reynolds@example.com,38
94,Christine,Ellis,christine.ellis@example.com,30
95,Philip,Owen,philip.owen@example.com,42
96,Lillian,West,lillian.west@example.com,36
97,Randy,Spencer,randy.spencer@example.com,29
98,Joan,Jordan,joan.jordan@example.com,40
99,Henry,Palmer,henry.palmer@example.com,34
100,Ann,Lawson,ann.lawson@example.com,31
25,Kevin,Evans,kevin.evans@example.com,45
26,Karen,Nelson,karen.nelson@example.com,29
27,Christopher,Baker,christopher.baker@example.com,34
28,Barbara,Hill,barbara.hill@example.com,50
29,Paul,Carter,paul.carter@example.com,38
30,Sandra,Rivera,sandra.rivera@example.com,33
31,Mark,Mitchell,mark.mitchell@example.com,42
32,Elizabeth,Perez,elizabeth.perez@example.com,28
33,Donald,Roberts,donald.roberts@example.com,47
34,Margaret,Turner,margaret.turner@example.com,36
35,Steven,Phillips,steven.phillips@example.com,29
36,Dorothy,Campbell,dorothy.campbell@example.com,41
37,Andrew,Parker,andrew.parker@example.com,30
38,Helen,Evans,helen.evans@example.com,39
39,Joshua,Edwards,joshua.edwards@example.com,32
40,Ashley,Collins,ashley.collins@example.com,27
41,Brian,Stewart,brian.stewart@example.com,44
42,Kimberly,Sanchez,kimberly.sanchez@example.com,31
43,Edward,Morris,edward.morris@example.com,38
44,Donna,Rogers,donna.rogers@example.com,29
45,Ronald,Reed,ronald.reed@example.com,46
46,Carol,Morgan,carol.morgan@example.com,33
47,Anthony,Brooks,anthony.brooks@example.com,35
48,Ruth,Bell,ruth.bell@example.com,40
49,Jeffrey,Murphy,jeffrey.murphy@example.com,28
50,Stephanie,Bailey,stephanie.bailey@example.com,37
51,Frank,Rivera,frank.rivera@example.com,42
52,Sharon,Cooper,sharon.cooper@example.com,30
53,Raymond,Richardson,raymond.richardson@example.com,49
54,Cynthia,Cox,cynthia.cox@example.com,34
55,Jason,Howard,jason.howard@example.com,31
56,Amy,Ward,amy.ward@example.com,26
57,Ryan,Torres,ryan.torres@example.com,39
58,Angela,Peterson,angela.peterson@example.com,36
59,Jacob,Gray,jacob.gray@example.com,29
60,Brenda,Ramirez,brenda.ramirez@example.com,43
61,Gary,James,gary.james@example.com,32
62,Nicole,Watson,nicole.watson@example.com,27
63,Timothy,Brooks,timothy.brooks@example.com,45
64,Virginia,Reed,virginia.reed@example.com,38
65,Samuel,Sanders,samuel.sanders@example.com,30
66,Katherine,Price,katherine.price@example.com,35
67,Patrick,Bennett,patrick.bennett@example.com,41
68,Debra,Wood,debra.wood@example.com,28
69,Peter,Barnes,peter.barnes@example.com,37
70,Rachel,Ross,rachel.ross@example.com,33
71,Harold,Henderson,harold.henderson@example.com,46
72,Heather,Coleman,heather.coleman@example.com,29
73,Douglas,Jenkins,douglas.jenkins@example.com,40
74,Emma,Patterson,emma.patterson@example.com,31
75,Carl,Long,carl.long@example.com,34
76,Anna,Flores,anna.flores@example.com,27
77,Arthur,Washington,arthur.washington@example.com,48
78,Mildred,Butler,mildred.butler@example.com,36
79,Roger,Simmons,roger.simmons@example.com,32
80,Phyllis,Foster,phyllis.foster@example.com,39
81,Scott,Gonzales,scott.gonzales@example.com,30
82,Marie,Bryant,marie.bryant@example.com,43
83,Jack,Alexander,jack.alexander@example.com,28
84,Julia,Russell,julia.russell@example.com,37
85,Benjamin,Griffin,benjamin.griffin@example.com,41
86,Teresa,Diaz,teresa.diaz@example.com,29
87,Lawrence,Hayes,lawrence.hayes@example.com,35
88,Judith,Myers,judith.myers@example.com,44
89,Alan,Ford,alan.ford@example.com,31
90,Diana,Hamilton,diana.hamilton@example.com,26
91,Willie,Graham,willie.graham@example.com,47
92,Evelyn,Kelly,evelyn.kelly@example.com,33
93,Wayne,Reynolds,wayne.reynolds@example.com,38
94,Christine,Ellis,christine.ellis@example.com,30
95,Philip,Owen,philip.owen@example.com,42
96,Lillian,West,lillian.west@example.com,36
97,Randy,Spencer,randy.spencer@example.com,29
98,Joan,Jordan,joan.jordan@example.com,40
99,Henry,Palmer,henry.palmer@example.com,34
100,Ann,Lawson,ann.lawson@example.com,31
25,Kevin,Evans,kevin.evans@example.com,45
26,Karen,Nelson,karen.nelson@example.com,29
27,Christopher,Baker,christopher.baker@example.com,34
28,Barbara,Hill,barbara.hill@example.com,50
29,Paul,Carter,paul.carter@example.com,38
30,Sandra,Rivera,sandra.rivera@example.com,33
31,Mark,Mitchell,mark.mitchell@example.com,42
32,Elizabeth,Perez,elizabeth.perez@example.com,28
33,Donald,Roberts,donald.roberts@example.com,47
34,Margaret,Turner,margaret.turner@example.com,36
35,Steven,Phillips,steven.phillips@example.com,29
36,Dorothy,Campbell,dorothy.campbell@example.com,41
37,Andrew,Parker,andrew.parker@example.com,30
38,Helen,Evans,helen.evans@example.com,39
39,Joshua,Edwards,joshua.edwards@example.com,32
40,Ashley,Collins,ashley.collins@example.com,27
41,Brian,Stewart,brian.stewart@example.com,44
42,Kimberly,Sanchez,kimberly.sanchez@example.com,31
43,Edward,Morris,edward.morris@example.com,38
44,Donna,Rogers,donna.rogers@example.com,29
45,Ronald,Reed,ronald.reed@example.com,46
46,Carol,Morgan,carol.morgan@example.com,33
47,Anthony,Brooks,anthony.brooks@example.com,35
48,Ruth,Bell,ruth.bell@example.com,40
49,Jeffrey,Murphy,jeffrey.murphy@example.com,28
50,Stephanie,Bailey,stephanie.bailey@example.com,37
51,Frank,Rivera,frank.rivera@example.com,42
52,Sharon,Cooper,sharon.cooper@example.com,30
53,Raymond,Richardson,raymond.richardson@example.com,49
54,Cynthia,Cox,cynthia.cox@example.com,34
55,Jason,Howard,jason.howard@example.com,31
56,Amy,Ward,amy.ward@example.com,26
57,Ryan,Torres,ryan.torres@example.com,39
58,Angela,Peterson,angela.peterson@example.com,36
59,Jacob,Gray,jacob.gray@example.com,29
60,Brenda,Ramirez,brenda.ramirez@example.com,43
61,Gary,James,gary.james@example.com,32
62,Nicole,Watson,nicole.watson@example.com,27
63,Timothy,Brooks,timothy.brooks@example.com,45
64,Virginia,Reed,virginia.reed@example.com,38
65,Samuel,Sanders,samuel.sanders@example.com,30
66,Katherine,Price,katherine.price@example.com,35
67,Patrick,Bennett,patrick.bennett@example.com,41
68,Debra,Wood,debra.wood@example.com,28
69,Peter,Barnes,peter.barnes@example.com,37
70,Rachel,Ross,rachel.ross@example.com,33
71,Harold,Henderson,harold.henderson@example.com,46
72,Heather,Coleman,heather.coleman@example.com,29
73,Douglas,Jenkins,douglas.jenkins@example.com,40
74,Emma,Patterson,emma.patterson@example.com,31
75,Carl,Long,carl.long@example.com,34
76,Anna,Flores,anna.flores@example.com,27
77,Arthur,Washington,arthur.washington@example.com,48
78,Mildred,Butler,mildred.butler@example.com,36
79,Roger,Simmons,roger.simmons@example.com,32
80,Phyllis,Foster,phyllis.foster@example.com,39
81,Scott,Gonzales,scott.gonzales@example.com,30
82,Marie,Bryant,marie.bryant@example.com,43
83,Jack,Alexander,jack.alexander@example.com,28
84,Julia,Russell,julia.russell@example.com,37
85,Benjamin,Griffin,benjamin.griffin@example.com,41
86,Teresa,Diaz,teresa.diaz@example.com,29
87,Lawrence,Hayes,lawrence.hayes@example.com,35
88,Judith,Myers,judith.myers@example.com,44
89,Alan,Ford,alan.ford@example.com,31
90,Diana,Hamilton,diana.hamilton@example.com,26
91,Willie,Graham,willie.graham@example.com,47
92,Evelyn,Kelly,evelyn.kelly@example.com,33
93,Wayne,Reynolds,wayne.reynolds@example.com,38
94,Christine,Ellis,christine.ellis@example.com,30
95,Philip,Owen,philip.owen@example.com,42
96,Lillian,West,lillian.west@example.com,36
97,Randy,Spencer,randy.spencer@example.com,29
98,Joan,Jordan,joan.jordan@example.com,40
99,Henry,Palmer,henry.palmer@example.com,34
100,Ann,Lawson,ann.lawson@example.com,31
25,Kevin,Evans,kevin.evans@example.com,45
26,Karen,Nelson,karen.nelson@example.com,29
27,Christopher,Baker,christopher.baker@example.com,34
28,Barbara,Hill,barbara.hill@example.com,50
29,Paul,Carter,paul.carter@example.com,38
30,Sandra,Rivera,sandra.rivera@example.com,33
31,Mark,Mitchell,mark.mitchell@example.com,42
32,Elizabeth,Perez,elizabeth.perez@example.com,28
33,Donald,Roberts,donald.roberts@example.com,47
34,Margaret,Turner,margaret.turner@example.com,36
35,Steven,Phillips,steven.phillips@example.com,29
36,Dorothy,Campbell,dorothy.campbell@example.com,41
37,Andrew,Parker,andrew.parker@example.com,30
38,Helen,Evans,helen.evans@example.com,39
39,Joshua,Edwards,joshua.edwards@example.com,32
40,Ashley,Collins,ashley.collins@example.com,27
41,Brian,Stewart,brian.stewart@example.com,44
42,Kimberly,Sanchez,kimberly.sanchez@example.com,31
43,Edward,Morris,edward.morris@example.com,38
44,Donna,Rogers,donna.rogers@example.com,29
45,Ronald,Reed,ronald.reed@example.com,46
46,Carol,Morgan,carol.morgan@example.com,33
47,Anthony,Brooks,anthony.brooks@example.com,35
48,Ruth,Bell,ruth.bell@example.com,40
49,Jeffrey,Murphy,jeffrey.murphy@example.com,28
50,Stephanie,Bailey,stephanie.bailey@example.com,37
51,Frank,Rivera,frank.rivera@example.com,42
52,Sharon,Cooper,sharon.cooper@example.com,30
53,Raymond,Richardson,raymond.richardson@example.com,49
54,Cynthia,Cox,cynthia.cox@example.com,34
55,Jason,Howard,jason.howard@example.com,31
56,Amy,Ward,amy.ward@example.com,26
57,Ryan,Torres,ryan.torres@example.com,39
58,Angela,Peterson,angela.peterson@example.com,36
59,Jacob,Gray,jacob.gray@example.com,29
60,Brenda,Ramirez,brenda.ramirez@example.com,43
61,Gary,James,gary.james@example.com,32
62,Nicole,Watson,nicole.watson@example.com,27
63,Timothy,Brooks,timothy.brooks@example.com,45
64,Virginia,Reed,virginia.reed@example.com,38
65,Samuel,Sanders,samuel.sanders@example.com,30
66,Katherine,Price,katherine.price@example.com,35
67,Patrick,Bennett,patrick.bennett@example.com,41
68,Debra,Wood,debra.wood@example.com,28
69,Peter,Barnes,peter.barnes@example.com,37
70,Rachel,Ross,rachel.ross@example.com,33
71,Harold,Henderson,harold.henderson@example.com,46
72,Heather,Coleman,heather.coleman@example.com,29
73,Douglas,Jenkins,douglas.jenkins@example.com,40
74,Emma,Patterson,emma.patterson@example.com,31
75,Carl,Long,carl.long@example.com,34
76,Anna,Flores,anna.flores@example.com,27
77,Arthur,Washington,arthur.washington@example.com,48
78,Mildred,Butler,mildred.butler@example.com,36
79,Roger,Simmons,roger.simmons@example.com,32
80,Phyllis,Foster,phyllis.foster@example.com,39
81,Scott,Gonzales,scott.gonzales@example.com,30
82,Marie,Bryant,marie.bryant@example.com,43
83,Jack,Alexander,jack.alexander@example.com,28
84,Julia,Russell,julia.russell@example.com,37
85,Benjamin,Griffin,benjamin.griffin@example.com,41
86,Teresa,Diaz,teresa.diaz@example.com,29
87,Lawrence,Hayes,lawrence.hayes@example.com,35
88,Judith,Myers,judith.myers@example.com,44
89,Alan,Ford,alan.ford@example.com,31
90,Diana,Hamilton,diana.hamilton@example.com,26
91,Willie,Graham,willie.graham@example.com,47
92,Evelyn,Kelly,evelyn.kelly@example.com,33
93,Wayne,Reynolds,wayne.reynolds@example.com,38
94,Christine,Ellis,christine.ellis@example.com,30
95,Philip,Owen,philip.owen@example.com,42
96,Lillian,West,lillian.west@example.com,36
97,Randy,Spencer,randy.spencer@example.com,29
98,Joan,Jordan,joan.jordan@example.com,40
99,Henry,Palmer,henry.palmer@example.com,34
100,Ann,Lawson,ann.lawson@example.com,31
25,Kevin,Evans,kevin.evans@example.com,45
26,Karen,Nelson,karen.nelson@example.com,29
27,Christopher,Baker,christopher.baker@example.com,34
28,Barbara,Hill,barbara.hill@example.com,50
29,Paul,Carter,paul.carter@example.com,38
30,Sandra,Rivera,sandra.rivera@example.com,33
31,Mark,Mitchell,mark.mitchell@example.com,42
32,Elizabeth,Perez,elizabeth.perez@example.com,28
33,Donald,Roberts,donald.roberts@example.com,47
34,Margaret,Turner,margaret.turner@example.com,36
35,Steven,Phillips,steven.phillips@example.com,29
36,Dorothy,Campbell,dorothy.campbell@example.com,41
37,Andrew,Parker,andrew.parker@example.com,30
38,Helen,Evans,helen.evans@example.com,39
39,Joshua,Edwards,joshua.edwards@example.com,32
40,Ashley,Collins,ashley.collins@example.com,27
41,Brian,Stewart,brian.stewart@example.com,44
42,Kimberly,Sanchez,kimberly.sanchez@example.com,31
43,Edward,Morris,edward.morris@example.com,38
44,Donna,Rogers,donna.rogers@example.com,29
45,Ronald,Reed,ronald.reed@example.com,46
46,Carol,Morgan,carol.morgan@example.com,33
47,Anthony,Brooks,anthony.brooks@example.com,35
48,Ruth,Bell,ruth.bell@example.com,40
49,Jeffrey,Murphy,jeffrey.murphy@example.com,28
50,Stephanie,Bailey,stephanie.bailey@example.com,37
51,Frank,Rivera,frank.rivera@example.com,42
52,Sharon,Cooper,sharon.cooper@example.com,30
53,Raymond,Richardson,raymond.richardson@example.com,49
54,Cynthia,Cox,cynthia.cox@example.com,34
55,Jason,Howard,jason.howard@example.com,31
56,Amy,Ward,amy.ward@example.com,26
57,Ryan,Torres,ryan.torres@example.com,39
58,Angela,Peterson,angela.peterson@example.com,36
59,Jacob,Gray,jacob.gray@example.com,29
60,Brenda,Ramirez,brenda.ramirez@example.com,43
61,Gary,James,gary.james@example.com,32
62,Nicole,Watson,nicole.watson@example.com,27
63,Timothy,Brooks,timothy.brooks@example.com,45
64,Virginia,Reed,virginia.reed@example.com,38
65,Samuel,Sanders,samuel.sanders@example.com,30
66,Katherine,Price,katherine.price@example.com,35
67,Patrick,Bennett,patrick.bennett@example.com,41
68,Debra,Wood,debra.wood@example.com,28
69,Peter,Barnes,peter.barnes@example.com,37
70,Rachel,Ross,rachel.ross@example.com,33
71,Harold,Henderson,harold.henderson@example.com,46
72,Heather,Coleman,heather.coleman@example.com,29
73,Douglas,Jenkins,douglas.jenkins@example.com,40
74,Emma,Patterson,emma.patterson@example.com,31
75,Carl,Long,carl.long@example.com,34
76,Anna,Flores,anna.flores@example.com,27
77,Arthur,Washington,arthur.washington@example.com,48
78,Mildred,Butler,mildred.butler@example.com,36
79,Roger,Simmons,roger.simmons@example.com,32
80,Phyllis,Foster,phyllis.foster@example.com,39
81,Scott,Gonzales,scott.gonzales@example.com,30
82,Marie,Bryant,marie.bryant@example.com,43
83,Jack,Alexander,jack.alexander@example.com,28
84,Julia,Russell,julia.russell@example.com,37
85,Benjamin,Griffin,benjamin.griffin@example.com,41
86,Teresa,Diaz,teresa.diaz@example.com,29
87,Lawrence,Hayes,lawrence.hayes@example.com,35
88,Judith,Myers,judith.myers@example.com,44
89,Alan,Ford,alan.ford@example.com,31
90,Diana,Hamilton,diana.hamilton@example.com,26
91,Willie,Graham,willie.graham@example.com,47
92,Evelyn,Kelly,evelyn.kelly@example.com,33
93,Wayne,Reynolds,wayne.reynolds@example.com,38
94,Christine,Ellis,christine.ellis@example.com,30
95,Philip,Owen,philip.owen@example.com,42
96,Lillian,West,lillian.west@example.com,36
97,Randy,Spencer,randy.spencer@example.com,29
98,Joan,Jordan,joan.jordan@example.com,40
99,Henry,Palmer,henry.palmer@example.com,34
100,Ann,Lawson,ann.lawson@example.com,31
25,Kevin,Evans,kevin.evans@example.com,45
26,Karen,Nelson,karen.nelson@example.com,29
27,Christopher,Baker,christopher.baker@example.com,34
28,Barbara,Hill,barbara.hill@example.com,50
29,Paul,Carter,paul.carter@example.com,38
30,Sandra,Rivera,sandra.rivera@example.com,33
31,Mark,Mitchell,mark.mitchell@example.com,42
32,Elizabeth,Perez,elizabeth.perez@example.com,28
33,Donald,Roberts,donald.roberts@example.com,47
34,Margaret,Turner,margaret.turner@example.com,36
35,Steven,Phillips,steven.phillips@example.com,29
36,Dorothy,Campbell,dorothy.campbell@example.com,41
37,Andrew,Parker,andrew.parker@example.com,30
38,Helen,Evans,helen.evans@example.com,39
39,Joshua,Edwards,joshua.edwards@example.com,32
40,Ashley,Collins,ashley.collins@example.com,27
41,Brian,Stewart,brian.stewart@example.com,44
42,Kimberly,Sanchez,kimberly.sanchez@example.com,31
43,Edward,Morris,edward.morris@example.com,38
44,Donna,Rogers,donna.rogers@example.com,29
45,Ronald,Reed,ronald.reed@example.com,46
46,Carol,Morgan,carol.morgan@example.com,33
47,Anthony,Brooks,anthony.brooks@example.com,35
48,Ruth,Bell,ruth.bell@example.com,40
49,Jeffrey,Murphy,jeffrey.murphy@example.com,28
50,Stephanie,Bailey,stephanie.bailey@example.com,37
51,Frank,Rivera,frank.rivera@example.com,42
52,Sharon,Cooper,sharon.cooper@example.com,30
53,Raymond,Richardson,raymond.richardson@example.com,49
54,Cynthia,Cox,cynthia.cox@example.com,34
55,Jason,Howard,jason.howard@example.com,31
56,Amy,Ward,amy.ward@example.com,26
57,Ryan,Torres,ryan.torres@example.com,39
58,Angela,Peterson,angela.peterson@example.com,36
59,Jacob,Gray,jacob.gray@example.com,29
60,Brenda,Ramirez,brenda.ramirez@example.com,43
61,Gary,James,gary.james@example.com,32
62,Nicole,Watson,nicole.watson@example.com,27
63,Timothy,Brooks,timothy.brooks@example.com,45
64,Virginia,Reed,virginia.reed@example.com,38
65,Samuel,Sanders,samuel.sanders@example.com,30
66,Katherine,Price,katherine.price@example.com,35
67,Patrick,Bennett,patrick.bennett@example.com,41
68,Debra,Wood,debra.wood@example.com,28
69,Peter,Barnes,peter.barnes@example.com,37
70,Rachel,Ross,rachel.ross@example.com,33
71,Harold,Henderson,harold.henderson@example.com,46
72,Heather,Coleman,heather.coleman@example.com,29
73,Douglas,Jenkins,douglas.jenkins@example.com,40
74,Emma,Patterson,emma.patterson@example.com,31
75,Carl,Long,carl.long@example.com,34
76,Anna,Flores,anna.flores@example.com,27
77,Arthur,Washington,arthur.washington@example.com,48
78,Mildred,Butler,mildred.butler@example.com,36
79,Roger,Simmons,roger.simmons@example.com,32
80,Phyllis,Foster,phyllis.foster@example.com,39
81,Scott,Gonzales,scott.gonzales@example.com,30
82,Marie,Bryant,marie.bryant@example.com,43
83,Jack,Alexander,jack.alexander@example.com,28
84,Julia,Russell,julia.russell@example.com,37
85,Benjamin,Griffin,benjamin.griffin@example.com,41
86,Teresa,Diaz,teresa.diaz@example.com,29
87,Lawrence,Hayes,lawrence.hayes@example.com,35
88,Judith,Myers,judith.myers@example.com,44
89,Alan,Ford,alan.ford@example.com,31
90,Diana,Hamilton,diana.hamilton@example.com,26
91,Willie,Graham,willie.graham@example.com,47
92,Evelyn,Kelly,evelyn.kelly@example.com,33
93,Wayne,Reynolds,wayne.reynolds@example.com,38
94,Christine,Ellis,christine.ellis@example.com,30
95,Philip,Owen,philip.owen@example.com,42
96,Lillian,West,lillian.west@example.com,36
97,Randy,Spencer,randy.spencer@example.com,29
98,Joan,Jordan,joan.jordan@example.com,40
99,Henry,Palmer,henry.palmer@example.com,34
100,Ann,Lawson,ann.lawson@example.com,31
25,Kevin,Evans,kevin.evans@example.com,45
26,Karen,Nelson,karen.nelson@example.com,29
27,Christopher,Baker,christopher.baker@example.com,34
28,Barbara,Hill,barbara.hill@example.com,50
29,Paul,Carter,paul.carter@example.com,38
30,Sandra,Rivera,sandra.rivera@example.com,33
31,Mark,Mitchell,mark.mitchell@example.com,42
32,Elizabeth,Perez,elizabeth.perez@example.com,28
33,Donald,Roberts,donald.roberts@example.com,47
34,Margaret,Turner,margaret.turner@example.com,36
35,Steven,Phillips,steven.phillips@example.com,29
36,Dorothy,Campbell,dorothy.campbell@example.com,41
37,Andrew,Parker,andrew.parker@example.com,30
38,Helen,Evans,helen.evans@example.com,39
39,Joshua,Edwards,joshua.edwards@example.com,32
40,Ashley,Collins,ashley.collins@example.com,27
41,Brian,Stewart,brian.stewart@example.com,44
42,Kimberly,Sanchez,kimberly.sanchez@example.com,31
43,Edward,Morris,edward.morris@example.com,38
44,Donna,Rogers,donna.rogers@example.com,29
45,Ronald,Reed,ronald.reed@example.com,46
46,Carol,Morgan,carol.morgan@example.com,33
47,Anthony,Brooks,anthony.brooks@example.com,35
48,Ruth,Bell,ruth.bell@example.com,40
49,Jeffrey,Murphy,jeffrey.murphy@example.com,28
50,Stephanie,Bailey,stephanie.bailey@example.com,37
51,Frank,Rivera,frank.rivera@example.com,42
52,Sharon,Cooper,sharon.cooper@example.com,30
53,Raymond,Richardson,raymond.richardson@example.com,49
54,Cynthia,Cox,cynthia.cox@example.com,34
55,Jason,Howard,jason.howard@example.com,31
56,Amy,Ward,amy.ward@example.com,26
57,Ryan,Torres,ryan.torres@example.com,39
58,Angela,Peterson,angela.peterson@example.com,36
59,Jacob,Gray,jacob.gray@example.com,29
60,Brenda,Ramirez,brenda.ramirez@example.com,43
61,Gary,James,gary.james@example.com,32
62,Nicole,Watson,nicole.watson@example.com,27
63,Timothy,Brooks,timothy.brooks@example.com,45
64,Virginia,Reed,virginia.reed@example.com,38
65,Samuel,Sanders,samuel.sanders@example.com,30
66,Katherine,Price,katherine.price@example.com,35
67,Patrick,Bennett,patrick.bennett@example.com,41
68,Debra,Wood,debra.wood@example.com,28
69,Peter,Barnes,peter.barnes@example.com,37
70,Rachel,Ross,rachel.ross@example.com,33
71,Harold,Henderson,harold.henderson@example.com,46
72,Heather,Coleman,heather.coleman@example.com,29
73,Douglas,Jenkins,douglas.jenkins@example.com,40
74,Emma,Patterson,emma.patterson@example.com,31
75,Carl,Long,carl.long@example.com,34
76,Anna,Flores,anna.flores@example.com,27
77,Arthur,Washington,arthur.washington@example.com,48
78,Mildred,Butler,mildred.butler@example.com,36
79,Roger,Simmons,roger.simmons@example.com,32
80,Phyllis,Foster,phyllis.foster@example.com,39
81,Scott,Gonzales,scott.gonzales@example.com,30
82,Marie,Bryant,marie.bryant@example.com,43
83,Jack,Alexander,jack.alexander@example.com,28
84,Julia,Russell,julia.russell@example.com,37
85,Benjamin,Griffin,benjamin.griffin@example.com,41
86,Teresa,Diaz,teresa.diaz@example.com,29
87,Lawrence,Hayes,lawrence.hayes@example.com,35
88,Judith,Myers,judith.myers@example.com,44
89,Alan,Ford,alan.ford@example.com,31
90,Diana,Hamilton,diana.hamilton@example.com,26
91,Willie,Graham,willie.graham@example.com,47
92,Evelyn,Kelly,evelyn.kelly@example.com,33
93,Wayne,Reynolds,wayne.reynolds@example.com,38
94,Christine,Ellis,christine.ellis@example.com,30
95,Philip,Owen,philip.owen@example.com,42
96,Lillian,West,lillian.west@example.com,36
97,Randy,Spencer,randy.spencer@example.com,29
98,Joan,Jordan,joan.jordan@example.com,40
99,Henry,Palmer,henry.palmer@example.com,34
100,Ann,Lawson,ann.lawson@example.com,31
25,Kevin,Evans,kevin.evans@example.com,45
26,Karen,Nelson,karen.nelson@example.com,29
27,Christopher,Baker,christopher.baker@example.com,34
28,Barbara,Hill,barbara.hill@example.com,50
29,Paul,Carter,paul.carter@example.com,38
30,Sandra,Rivera,sandra.rivera@example.com,33
31,Mark,Mitchell,mark.mitchell@example.com,42
32,Elizabeth,Perez,elizabeth.perez@example.com,28
33,Donald,Roberts,donald.roberts@example.com,47
34,Margaret,Turner,margaret.turner@example.com,36
35,Steven,Phillips,steven.phillips@example.com,29
36,Dorothy,Campbell,dorothy.campbell@example.com,41
37,Andrew,Parker,andrew.parker@example.com,30
38,Helen,Evans,helen.evans@example.com,39
39,Joshua,Edwards,joshua.edwards@example.com,32
40,Ashley,Collins,ashley.collins@example.com,27
41,Brian,Stewart,brian.stewart@example.com,44
42,Kimberly,Sanchez,kimberly.sanchez@example.com,31
43,Edward,Morris,edward.morris@example.com,38
44,Donna,Rogers,donna.rogers@example.com,29
45,Ronald,Reed,ronald.reed@example.com,46
46,Carol,Morgan,carol.morgan@example.com,33
47,Anthony,Brooks,anthony.brooks@example.com,35
48,Ruth,Bell,ruth.bell@example.com,40
49,Jeffrey,Murphy,jeffrey.murphy@example.com,28
50,Stephanie,Bailey,stephanie.bailey@example.com,37
51,Frank,Rivera,frank.rivera@example.com,42
52,Sharon,Cooper,sharon.cooper@example.com,30
53,Raymond,Richardson,raymond.richardson@example.com,49
54,Cynthia,Cox,cynthia.cox@example.com,34
55,Jason,Howard,jason.howard@example.com,31
56,Amy,Ward,amy.ward@example.com,26
57,Ryan,Torres,ryan.torres@example.com,39
58,Angela,Peterson,angela.peterson@example.com,36
59,Jacob,Gray,jacob.gray@example.com,29
60,Brenda,Ramirez,brenda.ramirez@example.com,43
61,Gary,James,gary.james@example.com,32
62,Nicole,Watson,nicole.watson@example.com,27
63,Timothy,Brooks,timothy.brooks@example.com,45
64,Virginia,Reed,virginia.reed@example.com,38
65,Samuel,Sanders,samuel.sanders@example.com,30
66,Katherine,Price,katherine.price@example.com,35
67,Patrick,Bennett,patrick.bennett@example.com,41
68,Debra,Wood,debra.wood@example.com,28
69,Peter,Barnes,peter.barnes@example.com,37
70,Rachel,Ross,rachel.ross@example.com,33
71,Harold,Henderson,harold.henderson@example.com,46
72,Heather,Coleman,heather.coleman@example.com,29
73,Douglas,Jenkins,douglas.jenkins@example.com,40
74,Emma,Patterson,emma.patterson@example.com,31
75,Carl,Long,carl.long@example.com,34
76,Anna,Flores,anna.flores@example.com,27
77,Arthur,Washington,arthur.washington@example.com,48
78,Mildred,Butler,mildred.butler@example.com,36
79,Roger,Simmons,roger.simmons@example.com,32
80,Phyllis,Foster,phyllis.foster@example.com,39
81,Scott,Gonzales,scott.gonzales@example.com,30
82,Marie,Bryant,marie.bryant@example.com,43
83,Jack,Alexander,jack.alexander@example.com,28
84,Julia,Russell,julia.russell@example.com,37
85,Benjamin,Griffin,benjamin.griffin@example.com,41
86,Teresa,Diaz,teresa.diaz@example.com,29
87,Lawrence,Hayes,lawrence.hayes@example.com,35
88,Judith,Myers,judith.myers@example.com,44
89,Alan,Ford,alan.ford@example.com,31
90,Diana,Hamilton,diana.hamilton@example.com,26
91,Willie,Graham,willie.graham@example.com,47
92,Evelyn,Kelly,evelyn.kelly@example.com,33
93,Wayne,Reynolds,wayne.reynolds@example.com,38
94,Christine,Ellis,christine.ellis@example.com,30
95,Philip,Owen,philip.owen@example.com,42
96,Lillian,West,lillian.west@example.com,36
97,Randy,Spencer,randy.spencer@example.com,29
98,Joan,Jordan,joan.jordan@example.com,40
99,Henry,Palmer,henry.palmer@example.com,34
100,Ann,Lawson,ann.lawson@example.com,31
25,Kevin,Evans,kevin.evans@example.com,45
26,Karen,Nelson,karen.nelson@example.com,29
27,Christopher,Baker,christopher.baker@example.com,34
28,Barbara,Hill,barbara.hill@example.com,50
29,Paul,Carter,paul.carter@example.com,38
30,Sandra,Rivera,sandra.rivera@example.com,33
31,Mark,Mitchell,mark.mitchell@example.com,42
32,Elizabeth,Perez,elizabeth.perez@example.com,28
33,Donald,Roberts,donald.roberts@example.com,47
34,Margaret,Turner,margaret.turner@example.com,36
35,Steven,Phillips,steven.phillips@example.com,29
36,Dorothy,Campbell,dorothy.campbell@example.com,41
37,Andrew,Parker,andrew.parker@example.com,30
38,Helen,Evans,helen.evans@example.com,39
39,Joshua,Edwards,joshua.edwards@example.com,32
40,Ashley,Collins,ashley.collins@example.com,27
41,Brian,Stewart,brian.stewart@example.com,44
42,Kimberly,Sanchez,kimberly.sanchez@example.com,31
43,Edward,Morris,edward.morris@example.com,38
44,Donna,Rogers,donna.rogers@example.com,29
45,Ronald,Reed,ronald.reed@example.com,46
46,Carol,Morgan,carol.morgan@example.com,33
47,Anthony,Brooks,anthony.brooks@example.com,35
48,Ruth,Bell,ruth.bell@example.com,40
49,Jeffrey,Murphy,jeffrey.murphy@example.com,28
50,Stephanie,Bailey,stephanie.bailey@example.com,37
51,Frank,Rivera,frank.rivera@example.com,42
52,Sharon,Cooper,sharon.cooper@example.com,30
53,Raymond,Richardson,raymond.richardson@example.com,49
54,Cynthia,Cox,cynthia.cox@example.com,34
55,Jason,Howard,jason.howard@example.com,31
56,Amy,Ward,amy.ward@example.com,26
57,Ryan,Torres,ryan.torres@example.com,39
58,Angela,Peterson,angela.peterson@example.com,36
59,Jacob,Gray,jacob.gray@example.com,29
60,Brenda,Ramirez,brenda.ramirez@example.com,43
61,Gary,James,gary.james@example.com,32
62,Nicole,Watson,nicole.watson@example.com,27
63,Timothy,Brooks,timothy.brooks@example.com,45
64,Virginia,Reed,virginia.reed@example.com,38
65,Samuel,Sanders,samuel.sanders@example.com,30
66,Katherine,Price,katherine.price@example.com,35
67,Patrick,Bennett,patrick.bennett@example.com,41
68,Debra,Wood,debra.wood@example.com,28
69,Peter,Barnes,peter.barnes@example.com,37
70,Rachel,Ross,rachel.ross@example.com,33
71,Harold,Henderson,harold.henderson@example.com,46
72,Heather,Coleman,heather.coleman@example.com,29
73,Douglas,Jenkins,douglas.jenkins@example.com,40
74,Emma,Patterson,emma.patterson@example.com,31
75,Carl,Long,carl.long@example.com,34
76,Anna,Flores,anna.flores@example.com,27
77,Arthur,Washington,arthur.washington@example.com,48
78,Mildred,Butler,mildred.butler@example.com,36
79,Roger,Simmons,roger.simmons@example.com,32
80,Phyllis,Foster,phyllis.foster@example.com,39
81,Scott,Gonzales,scott.gonzales@example.com,30
82,Marie,Bryant,marie.bryant@example.com,43
83,Jack,Alexander,jack.alexander@example.com,28
84,Julia,Russell,julia.russell@example.com,37
85,Benjamin,Griffin,benjamin.griffin@example.com,41
86,Teresa,Diaz,teresa.diaz@example.com,29
87,Lawrence,Hayes,lawrence.hayes@example.com,35
88,Judith,Myers,judith.myers@example.com,44
89,Alan,Ford,alan.ford@example.com,31
90,Diana,Hamilton,diana.hamilton@example.com,26
91,Willie,Graham,willie.graham@example.com,47
92,Evelyn,Kelly,evelyn.kelly@example.com,33
93,Wayne,Reynolds,wayne.reynolds@example.com,38
94,Christine,Ellis,christine.ellis@example.com,30
95,Philip,Owen,philip.owen@example.com,42
96,Lillian,West,lillian.west@example.com,36
97,Randy,Spencer,randy.spencer@example.com,29
98,Joan,Jordan,joan.jordan@example.com,40
99,Henry,Palmer,henry.palmer@example.com,34
100,Ann,Lawson,ann.lawson@example.com,31
25,Kevin,Evans,kevin.evans@example.com,45
26,Karen,Nelson,karen.nelson@example.com,29
27,Christopher,Baker,christopher.baker@example.com,34
28,Barbara,Hill,barbara.hill@example.com,50
29,Paul,Carter,paul.carter@example.com,38
30,Sandra,Rivera,sandra.rivera@example.com,33
31,Mark,Mitchell,mark.mitchell@example.com,42
32,Elizabeth,Perez,elizabeth.perez@example.com,28
33,Donald,Roberts,donald.roberts@example.com,47
34,Margaret,Turner,margaret.turner@example.com,36
35,Steven,Phillips,steven.phillips@example.com,29
36,Dorothy,Campbell,dorothy.campbell@example.com,41
37,Andrew,Parker,andrew.parker@example.com,30
38,Helen,Evans,helen.evans@example.com,39
39,Joshua,Edwards,joshua.edwards@example.com,32
40,Ashley,Collins,ashley.collins@example.com,27
41,Brian,Stewart,brian.stewart@example.com,44
42,Kimberly,Sanchez,kimberly.sanchez@example.com,31
43,Edward,Morris,edward.morris@example.com,38
44,Donna,Rogers,donna.rogers@example.com,29
45,Ronald,Reed,ronald.reed@example.com,46
46,Carol,Morgan,carol.morgan@example.com,33
47,Anthony,Brooks,anthony.brooks@example.com,35
48,Ruth,Bell,ruth.bell@example.com,40
49,Jeffrey,Murphy,jeffrey.murphy@example.com,28
50,Stephanie,Bailey,stephanie.bailey@example.com,37
51,Frank,Rivera,frank.rivera@example.com,42
52,Sharon,Cooper,sharon.cooper@example.com,30
53,Raymond,Richardson,raymond.richardson@example.com,49
54,Cynthia,Cox,cynthia.cox@example.com,34
55,Jason,Howard,jason.howard@example.com,31
56,Amy,Ward,amy.ward@example.com,26
57,Ryan,Torres,ryan.torres@example.com,39
58,Angela,Peterson,angela.peterson@example.com,36
59,Jacob,Gray,jacob.gray@example.com,29
60,Brenda,Ramirez,brenda.ramirez@example.com,43
61,Gary,James,gary.james@example.com,32
62,Nicole,Watson,nicole.watson@example.com,27
63,Timothy,Brooks,timothy.brooks@example.com,45
64,Virginia,Reed,virginia.reed@example.com,38
65,Samuel,Sanders,samuel.sanders@example.com,30
66,Katherine,Price,katherine.price@example.com,35
67,Patrick,Bennett,patrick.bennett@example.com,41
68,Debra,Wood,debra.wood@example.com,28
69,Peter,Barnes,peter.barnes@example.com,37
70,Rachel,Ross,rachel.ross@example.com,33
71,Harold,Henderson,harold.henderson@example.com,46
72,Heather,Coleman,heather.coleman@example.com,29
73,Douglas,Jenkins,douglas.jenkins@example.com,40
74,Emma,Patterson,emma.patterson@example.com,31
75,Carl,Long,carl.long@example.com,34
76,Anna,Flores,anna.flores@example.com,27
77,Arthur,Washington,arthur.washington@example.com,48
78,Mildred,Butler,mildred.butler@example.com,36
79,Roger,Simmons,roger.simmons@example.com,32
80,Phyllis,Foster,phyllis.foster@example.com,39
81,Scott,Gonzales,scott.gonzales@example.com,30
82,Marie,Bryant,marie.bryant@example.com,43
83,Jack,Alexander,jack.alexander@example.com,28
84,Julia,Russell,julia.russell@example.com,37
85,Benjamin,Griffin,benjamin.griffin@example.com,41
86,Teresa,Diaz,teresa.diaz@example.com,29
87,Lawrence,Hayes,lawrence.hayes@example.com,35
88,Judith,Myers,judith.myers@example.com,44
89,Alan,Ford,alan.ford@example.com,31
90,Diana,Hamilton,diana.hamilton@example.com,26
91,Willie,Graham,willie.graham@example.com,47
92,Evelyn,Kelly,evelyn.kelly@example.com,33
93,Wayne,Reynolds,wayne.reynolds@example.com,38
94,Christine,Ellis,christine.ellis@example.com,30
95,Philip,Owen,philip.owen@example.com,42
96,Lillian,West,lillian.west@example.com,36
97,Randy,Spencer,randy.spencer@example.com,29
98,Joan,Jordan,joan.jordan@example.com,40
99,Henry,Palmer,henry.palmer@example.com,34
100,Ann,Lawson,ann.lawson@example.com,31
25,Kevin,Evans,kevin.evans@example.com,45
26,Karen,Nelson,karen.nelson@example.com,29
27,Christopher,Baker,christopher.baker@example.com,34
28,Barbara,Hill,barbara.hill@example.com,50
29,Paul,Carter,paul.carter@example.com,38
30,Sandra,Rivera,sandra.rivera@example.com,33
31,Mark,Mitchell,mark.mitchell@example.com,42
32,Elizabeth,Perez,elizabeth.perez@example.com,28
33,Donald,Roberts,donald.roberts@example.com,47
34,Margaret,Turner,margaret.turner@example.com,36
35,Steven,Phillips,steven.phillips@example.com,29
36,Dorothy,Campbell,dorothy.campbell@example.com,41
37,Andrew,Parker,andrew.parker@example.com,30
38,Helen,Evans,helen.evans@example.com,39
39,Joshua,Edwards,joshua.edwards@example.com,32
40,Ashley,Collins,ashley.collins@example.com,27
41,Brian,Stewart,brian.stewart@example.com,44
42,Kimberly,Sanchez,kimberly.sanchez@example.com,31
43,Edward,Morris,edward.morris@example.com,38
44,Donna,Rogers,donna.rogers@example.com,29
45,Ronald,Reed,ronald.reed@example.com,46
46,Carol,Morgan,carol.morgan@example.com,33
47,Anthony,Brooks,anthony.brooks@example.com,35
48,Ruth,Bell,ruth.bell@example.com,40
49,Jeffrey,Murphy,jeffrey.murphy@example.com,28
50,Stephanie,Bailey,stephanie.bailey@example.com,37
51,Frank,Rivera,frank.rivera@example.com,42
52,Sharon,Cooper,sharon.cooper@example.com,30
53,Raymond,Richardson,raymond.richardson@example.com,49
54,Cynthia,Cox,cynthia.cox@example.com,34
55,Jason,Howard,jason.howard@example.com,31
56,Amy,Ward,amy.ward@example.com,26
57,Ryan,Torres,ryan.torres@example.com,39
58,Angela,Peterson,angela.peterson@example.com,36
59,Jacob,Gray,jacob.gray@example.com,29
60,Brenda,Ramirez,brenda.ramirez@example.com,43
61,Gary,James,gary.james@example.com,32
62,Nicole,Watson,nicole.watson@example.com,27
63,Timothy,Brooks,timothy.brooks@example.com,45
64,Virginia,Reed,virginia.reed@example.com,38
65,Samuel,Sanders,samuel.sanders@example.com,30
66,Katherine,Price,katherine.price@example.com,35
67,Patrick,Bennett,patrick.bennett@example.com,41
68,Debra,Wood,debra.wood@example.com,28
69,Peter,Barnes,peter.barnes@example.com,37
70,Rachel,Ross,rachel.ross@example.com,33
71,Harold,Henderson,harold.henderson@example.com,46
72,Heather,Coleman,heather.coleman@example.com,29
73,Douglas,Jenkins,douglas.jenkins@example.com,40
74,Emma,Patterson,emma.patterson@example.com,31
75,Carl,Long,carl.long@example.com,34
76,Anna,Flores,anna.flores@example.com,27
77,Arthur,Washington,arthur.washington@example.com,48
78,Mildred,Butler,mildred.butler@example.com,36
79,Roger,Simmons,roger.simmons@example.com,32
80,Phyllis,Foster,phyllis.foster@example.com,39
81,Scott,Gonzales,scott.gonzales@example.com,30
82,Marie,Bryant,marie.bryant@example.com,43
83,Jack,Alexander,jack.alexander@example.com,28
84,Julia,Russell,julia.russell@example.com,37
85,Benjamin,Griffin,benjamin.griffin@example.com,41
86,Teresa,Diaz,teresa.diaz@example.com,29
87,Lawrence,Hayes,lawrence.hayes@example.com,35
88,Judith,Myers,judith.myers@example.com,44
89,Alan,Ford,alan.ford@example.com,31
90,Diana,Hamilton,diana.hamilton@example.com,26
91,Willie,Graham,willie.graham@example.com,47
92,Evelyn,Kelly,evelyn.kelly@example.com,33
93,Wayne,Reynolds,wayne.reynolds@example.com,38
94,Christine,Ellis,christine.ellis@example.com,30
95,Philip,Owen,philip.owen@example.com,42
96,Lillian,West,lillian.west@example.com,36
97,Randy,Spencer,randy.spencer@example.com,29
98,Joan,Jordan,joan.jordan@example.com,40
99,Henry,Palmer,henry.palmer@example.com,34
100,Ann,Lawson,ann.lawson@example.com,31
25,Kevin,Evans,kevin.evans@example.com,45
26,Karen,Nelson,karen.nelson@example.com,29
27,Christopher,Baker,christopher.baker@example.com,34
28,Barbara,Hill,barbara.hill@example.com,50
29,Paul,Carter,paul.carter@example.com,38
30,Sandra,Rivera,sandra.rivera@example.com,33
31,Mark,Mitchell,mark.mitchell@example.com,42
32,Elizabeth,Perez,elizabeth.perez@example.com,28
33,Donald,Roberts,donald.roberts@example.com,47
34,Margaret,Turner,margaret.turner@example.com,36
35,Steven,Phillips,steven.phillips@example.com,29
36,Dorothy,Campbell,dorothy.campbell@example.com,41
37,Andrew,Parker,andrew.parker@example.com,30
38,Helen,Evans,helen.evans@example.com,39
39,Joshua,Edwards,joshua.edwards@example.com,32
40,Ashley,Collins,ashley.collins@example.com,27
41,Brian,Stewart,brian.stewart@example.com,44
42,Kimberly,Sanchez,kimberly.sanchez@example.com,31
43,Edward,Morris,edward.morris@example.com,38
44,Donna,Rogers,donna.rogers@example.com,29
45,Ronald,Reed,ronald.reed@example.com,46
46,Carol,Morgan,carol.morgan@example.com,33
47,Anthony,Brooks,anthony.brooks@example.com,35
48,Ruth,Bell,ruth.bell@example.com,40
49,Jeffrey,Murphy,jeffrey.murphy@example.com,28
50,Stephanie,Bailey,stephanie.bailey@example.com,37
51,Frank,Rivera,frank.rivera@example.com,42
52,Sharon,Cooper,sharon.cooper@example.com,30
53,Raymond,Richardson,raymond.richardson@example.com,49
54,Cynthia,Cox,cynthia.cox@example.com,34
55,Jason,Howard,jason.howard@example.com,31
56,Amy,Ward,amy.ward@example.com,26
57,Ryan,Torres,ryan.torres@example.com,39
58,Angela,Peterson,angela.peterson@example.com,36
59,Jacob,Gray,jacob.gray@example.com,29
60,Brenda,Ramirez,brenda.ramirez@example.com,43
61,Gary,James,gary.james@example.com,32
62,Nicole,Watson,nicole.watson@example.com,27
63,Timothy,Brooks,timothy.brooks@example.com,45
64,Virginia,Reed,virginia.reed@example.com,38
65,Samuel,Sanders,samuel.sanders@example.com,30
66,Katherine,Price,katherine.price@example.com,35
67,Patrick,Bennett,patrick.bennett@example.com,41
68,Debra,Wood,debra.wood@example.com,28
69,Peter,Barnes,peter.barnes@example.com,37
70,Rachel,Ross,rachel.ross@example.com,33
71,Harold,Henderson,harold.henderson@example.com,46
72,Heather,Coleman,heather.coleman@example.com,29
73,Douglas,Jenkins,douglas.jenkins@example.com,40
74,Emma,Patterson,emma.patterson@example.com,31
75,Carl,Long,carl.long@example.com,34
76,Anna,Flores,anna.flores@example.com,27
77,Arthur,Washington,arthur.washington@example.com,48
78,Mildred,Butler,mildred.butler@example.com,36
79,Roger,Simmons,roger.simmons@example.com,32
80,Phyllis,Foster,phyllis.foster@example.com,39
81,Scott,Gonzales,scott.gonzales@example.com,30
82,Marie,Bryant,marie.bryant@example.com,43
83,Jack,Alexander,jack.alexander@example.com,28
84,Julia,Russell,julia.russell@example.com,37
85,Benjamin,Griffin,benjamin.griffin@example.com,41
86,Teresa,Diaz,teresa.diaz@example.com,29
87,Lawrence,Hayes,lawrence.hayes@example.com,35
88,Judith,Myers,judith.myers@example.com,44
89,Alan,Ford,alan.ford@example.com,31
90,Diana,Hamilton,diana.hamilton@example.com,26
91,Willie,Graham,willie.graham@example.com,47
92,Evelyn,Kelly,evelyn.kelly@example.com,33
93,Wayne,Reynolds,wayne.reynolds@example.com,38
94,Christine,Ellis,christine.ellis@example.com,30
95,Philip,Owen,philip.owen@example.com,42
96,Lillian,West,lillian.west@example.com,36
97,Randy,Spencer,randy.spencer@example.com,29
98,Joan,Jordan,joan.jordan@example.com,40
99,Henry,Palmer,henry.palmer@example.com,34
100,Ann,Lawson,ann.lawson@example.com,31
25,Kevin,Evans,kevin.evans@example.com,45
26,Karen,Nelson,karen.nelson@example.com,29
27,Christopher,Baker,christopher.baker@example.com,34
28,Barbara,Hill,barbara.hill@example.com,50
29,Paul,Carter,paul.carter@example.com,38
30,Sandra,Rivera,sandra.rivera@example.com,33
31,Mark,Mitchell,mark.mitchell@example.com,42
32,Elizabeth,Perez,elizabeth.perez@example.com,28
33,Donald,Roberts,donald.roberts@example.com,47
34,Margaret,Turner,margaret.turner@example.com,36
35,Steven,Phillips,steven.phillips@example.com,29
36,Dorothy,Campbell,dorothy.campbell@example.com,41
37,Andrew,Parker,andrew.parker@example.com,30
38,Helen,Evans,helen.evans@example.com,39
39,Joshua,Edwards,joshua.edwards@example.com,32
40,Ashley,Collins,ashley.collins@example.com,27
41,Brian,Stewart,brian.stewart@example.com,44
42,Kimberly,Sanchez,kimberly.sanchez@example.com,31
43,Edward,Morris,edward.morris@example.com,38
44,Donna,Rogers,donna.rogers@example.com,29
45,Ronald,Reed,ronald.reed@example.com,46
46,Carol,Morgan,carol.morgan@example.com,33
47,Anthony,Brooks,anthony.brooks@example.com,35
48,Ruth,Bell,ruth.bell@example.com,40
49,Jeffrey,Murphy,jeffrey.murphy@example.com,28
50,Stephanie,Bailey,stephanie.bailey@example.com,37
51,Frank,Rivera,frank.rivera@example.com,42
52,Sharon,Cooper,sharon.cooper@example.com,30
53,Raymond,Richardson,raymond.richardson@example.com,49
54,Cynthia,Cox,cynthia.cox@example.com,34
55,Jason,Howard,jason.howard@example.com,31
56,Amy,Ward,amy.ward@example.com,26
57,Ryan,Torres,ryan.torres@example.com,39
58,Angela,Peterson,angela.peterson@example.com,36
59,Jacob,Gray,jacob.gray@example.com,29
60,Brenda,Ramirez,brenda.ramirez@example.com,43
61,Gary,James,gary.james@example.com,32
62,Nicole,Watson,nicole.watson@example.com,27
63,Timothy,Brooks,timothy.brooks@example.com,45
64,Virginia,Reed,virginia.reed@example.com,38
65,Samuel,Sanders,samuel.sanders@example.com,30
66,Katherine,Price,katherine.price@example.com,35
67,Patrick,Bennett,patrick.bennett@example.com,41
68,Debra,Wood,debra.wood@example.com,28
69,Peter,Barnes,peter.barnes@example.com,37
70,Rachel,Ross,rachel.ross@example.com,33
71,Harold,Henderson,harold.henderson@example.com,46
72,Heather,Coleman,heather.coleman@example.com,29
73,Douglas,Jenkins,douglas.jenkins@example.com,40
74,Emma,Patterson,emma.patterson@example.com,31
75,Carl,Long,carl.long@example.com,34
76,Anna,Flores,anna.flores@example.com,27
77,Arthur,Washington,arthur.washington@example.com,48
78,Mildred,Butler,mildred.butler@example.com,36
79,Roger,Simmons,roger.simmons@example.com,32
80,Phyllis,Foster,phyllis.foster@example.com,39
81,Scott,Gonzales,scott.gonzales@example.com,30
82,Marie,Bryant,marie.bryant@example.com,43
83,Jack,Alexander,jack.alexander@example.com,28
84,Julia,Russell,julia.russell@example.com,37
85,Benjamin,Griffin,benjamin.griffin@example.com,41
86,Teresa,Diaz,teresa.diaz@example.com,29
87,Lawrence,Hayes,lawrence.hayes@example.com,35
88,Judith,Myers,judith.myers@example.com,44
89,Alan,Ford,alan.ford@example.com,31
90,Diana,Hamilton,diana.hamilton@example.com,26
91,Willie,Graham,willie.graham@example.com,47
92,Evelyn,Kelly,evelyn.kelly@example.com,33
93,Wayne,Reynolds,wayne.reynolds@example.com,38
94,Christine,Ellis,christine.ellis@example.com,30
95,Philip,Owen,philip.owen@example.com,42
96,Lillian,West,lillian.west@example.com,36
97,Randy,Spencer,randy.spencer@example.com,29
98,Joan,Jordan,joan.jordan@example.com,40
99,Henry,Palmer,henry.palmer@example.com,34
100,Ann,Lawson,ann.lawson@example.com,31
25,Kevin,Evans,kevin.evans@example.com,45
26,Karen,Nelson,karen.nelson@example.com,29
27,Christopher,Baker,christopher.baker@example.com,34
28,Barbara,Hill,barbara.hill@example.com,50
29,Paul,Carter,paul.carter@example.com,38
30,Sandra,Rivera,sandra.rivera@example.com,33
31,Mark,Mitchell,mark.mitchell@example.com,42
32,Elizabeth,Perez,elizabeth.perez@example.com,28
33,Donald,Roberts,donald.roberts@example.com,47
34,Margaret,Turner,margaret.turner@example.com,36
35,Steven,Phillips,steven.phillips@example.com,29
36,Dorothy,Campbell,dorothy.campbell@example.com,41
37,Andrew,Parker,andrew.parker@example.com,30
38,Helen,Evans,helen.evans@example.com,39
39,Joshua,Edwards,joshua.edwards@example.com,32
40,Ashley,Collins,ashley.collins@example.com,27
41,Brian,Stewart,brian.stewart@example.com,44
42,Kimberly,Sanchez,kimberly.sanchez@example.com,31
43,Edward,Morris,edward.morris@example.com,38
44,Donna,Rogers,donna.rogers@example.com,29
45,Ronald,Reed,ronald.reed@example.com,46
46,Carol,Morgan,carol.morgan@example.com,33
47,Anthony,Brooks,anthony.brooks@example.com,35
48,Ruth,Bell,ruth.bell@example.com,40
49,Jeffrey,Murphy,jeffrey.murphy@example.com,28
50,Stephanie,Bailey,stephanie.bailey@example.com,37
51,Frank,Rivera,frank.rivera@example.com,42
52,Sharon,Cooper,sharon.cooper@example.com,30
53,Raymond,Richardson,raymond.richardson@example.com,49
54,Cynthia,Cox,cynthia.cox@example.com,34
55,Jason,Howard,jason.howard@example.com,31
56,Amy,Ward,amy.ward@example.com,26
57,Ryan,Torres,ryan.torres@example.com,39
58,Angela,Peterson,angela.peterson@example.com,36
59,Jacob,Gray,jacob.gray@example.com,29
60,Brenda,Ramirez,brenda.ramirez@example.com,43
61,Gary,James,gary.james@example.com,32
62,Nicole,Watson,nicole.watson@example.com,27
63,Timothy,Brooks,timothy.brooks@example.com,45
64,Virginia,Reed,virginia.reed@example.com,38
65,Samuel,Sanders,samuel.sanders@example.com,30
66,Katherine,Price,katherine.price@example.com,35
67,Patrick,Bennett,patrick.bennett@example.com,41
68,Debra,Wood,debra.wood@example.com,28
69,Peter,Barnes,peter.barnes@example.com,37
70,Rachel,Ross,rachel.ross@example.com,33
71,Harold,Henderson,harold.henderson@example.com,46
72,Heather,Coleman,heather.coleman@example.com,29
73,Douglas,Jenkins,douglas.jenkins@example.com,40
74,Emma,Patterson,emma.patterson@example.com,31
75,Carl,Long,carl.long@example.com,34
76,Anna,Flores,anna.flores@example.com,27
77,Arthur,Washington,arthur.washington@example.com,48
78,Mildred,Butler,mildred.butler@example.com,36
79,Roger,Simmons,roger.simmons@example.com,32
80,Phyllis,Foster,phyllis.foster@example.com,39
81,Scott,Gonzales,scott.gonzales@example.com,30
82,Marie,Bryant,marie.bryant@example.com,43
83,Jack,Alexander,jack.alexander@example.com,28
84,Julia,Russell,julia.russell@example.com,37
85,Benjamin,Griffin,benjamin.griffin@example.com,41
86,Teresa,Diaz,teresa.diaz@example.com,29
87,Lawrence,Hayes,lawrence.hayes@example.com,35
88,Judith,Myers,judith.myers@example.com,44
89,Alan,Ford,alan.ford@example.com,31
90,Diana,Hamilton,diana.hamilton@example.com,26
91,Willie,Graham,willie.graham@example.com,47
92,Evelyn,Kelly,evelyn.kelly@example.com,33
93,Wayne,Reynolds,wayne.reynolds@example.com,38
94,Christine,Ellis,christine.ellis@example.com,30
95,Philip,Owen,philip.owen@example.com,42
96,Lillian,West,lillian.west@example.com,36
97,Randy,Spencer,randy.spencer@example.com,29
98,Joan,Jordan,joan.jordan@example.com,40
99,Henry,Palmer,henry.palmer@example.com,34
100,Ann,Lawson,ann.lawson@example.com,31
25,Kevin,Evans,kevin.evans@example.com,45
26,Karen,Nelson,karen.nelson@example.com,29
27,Christopher,Baker,christopher.baker@example.com,34
28,Barbara,Hill,barbara.hill@example.com,50
29,Paul,Carter,paul.carter@example.com,38
30,Sandra,Rivera,sandra.rivera@example.com,33
31,Mark,Mitchell,mark.mitchell@example.com,42
32,Elizabeth,Perez,elizabeth.perez@example.com,28
33,Donald,Roberts,donald.roberts@example.com,47
34,Margaret,Turner,margaret.turner@example.com,36
35,Steven,Phillips,steven.phillips@example.com,29
36,Dorothy,Campbell,dorothy.campbell@example.com,41
37,Andrew,Parker,andrew.parker@example.com,30
38,Helen,Evans,helen.evans@example.com,39
39,Joshua,Edwards,joshua.edwards@example.com,32
40,Ashley,Collins,ashley.collins@example.com,27
41,Brian,Stewart,brian.stewart@example.com,44
42,Kimberly,Sanchez,kimberly.sanchez@example.com,31
43,Edward,Morris,edward.morris@example.com,38
44,Donna,Rogers,donna.rogers@example.com,29
45,Ronald,Reed,ronald.reed@example.com,46
46,Carol,Morgan,carol.morgan@example.com,33
47,Anthony,Brooks,anthony.brooks@example.com,35
48,Ruth,Bell,ruth.bell@example.com,40
49,Jeffrey,Murphy,jeffrey.murphy@example.com,28
50,Stephanie,Bailey,stephanie.bailey@example.com,37
51,Frank,Rivera,frank.rivera@example.com,42
52,Sharon,Cooper,sharon.cooper@example.com,30
53,Raymond,Richardson,raymond.richardson@example.com,49
54,Cynthia,Cox,cynthia.cox@example.com,34
55,Jason,Howard,jason.howard@example.com,31
56,Amy,Ward,amy.ward@example.com,26
57,Ryan,Torres,ryan.torres@example.com,39
58,Angela,Peterson,angela.peterson@example.com,36
59,Jacob,Gray,jacob.gray@example.com,29
60,Brenda,Ramirez,brenda.ramirez@example.com,43
61,Gary,James,gary.james@example.com,32
62,Nicole,Watson,nicole.watson@example.com,27
63,Timothy,Brooks,timothy.brooks@example.com,45
64,Virginia,Reed,virginia.reed@example.com,38
65,Samuel,Sanders,samuel.sanders@example.com,30
66,Katherine,Price,katherine.price@example.com,35
67,Patrick,Bennett,patrick.bennett@example.com,41
68,Debra,Wood,debra.wood@example.com,28
69,Peter,Barnes,peter.barnes@example.com,37
70,Rachel,Ross,rachel.ross@example.com,33
71,Harold,Henderson,harold.henderson@example.com,46
72,Heather,Coleman,heather.coleman@example.com,29
73,Douglas,Jenkins,douglas.jenkins@example.com,40
74,Emma,Patterson,emma.patterson@example.com,31
75,Carl,Long,carl.long@example.com,34
76,Anna,Flores,anna.flores@example.com,27
77,Arthur,Washington,arthur.washington@example.com,48
78,Mildred,Butler,mildred.butler@example.com,36
79,Roger,Simmons,roger.simmons@example.com,32
80,Phyllis,Foster,phyllis.foster@example.com,39
81,Scott,Gonzales,scott.gonzales@example.com,30
82,Marie,Bryant,marie.bryant@example.com,43
83,Jack,Alexander,jack.alexander@example.com,28
84,Julia,Russell,julia.russell@example.com,37
85,Benjamin,Griffin,benjamin.griffin@example.com,41
86,Teresa,Diaz,teresa.diaz@example.com,29
87,Lawrence,Hayes,lawrence.hayes@example.com,35
88,Judith,Myers,judith.myers@example.com,44
89,Alan,Ford,alan.ford@example.com,31
90,Diana,Hamilton,diana.hamilton@example.com,26
91,Willie,Graham,willie.graham@example.com,47
92,Evelyn,Kelly,evelyn.kelly@example.com,33
93,Wayne,Reynolds,wayne.reynolds@example.com,38
94,Christine,Ellis,christine.ellis@example.com,30
95,Philip,Owen,philip.owen@example.com,42
96,Lillian,West,lillian.west@example.com,36
97,Randy,Spencer,randy.spencer@example.com,29
98,Joan,Jordan,joan.jordan@example.com,40
99,Henry,Palmer,henry.palmer@example.com,34
100,Ann,Lawson,ann.lawson@example.com,31
25,Kevin,Evans,kevin.evans@example.com,45
26,Karen,Nelson,karen.nelson@example.com,29
27,Christopher,Baker,christopher.baker@example.com,34
28,Barbara,Hill,barbara.hill@example.com,50
29,Paul,Carter,paul.carter@example.com,38
30,Sandra,Rivera,sandra.rivera@example.com,33
31,Mark,Mitchell,mark.mitchell@example.com,42
32,Elizabeth,Perez,elizabeth.perez@example.com,28
33,Donald,Roberts,donald.roberts@example.com,47
34,Margaret,Turner,margaret.turner@example.com,36
35,Steven,Phillips,steven.phillips@example.com,29
36,Dorothy,Campbell,dorothy.campbell@example.com,41
37,Andrew,Parker,andrew.parker@example.com,30
38,Helen,Evans,helen.evans@example.com,39
39,Joshua,Edwards,joshua.edwards@example.com,32
40,Ashley,Collins,ashley.collins@example.com,27
41,Brian,Stewart,brian.stewart@example.com,44
42,Kimberly,Sanchez,kimberly.sanchez@example.com,31
43,Edward,Morris,edward.morris@example.com,38
44,Donna,Rogers,donna.rogers@example.com,29
45,Ronald,Reed,ronald.reed@example.com,46
46,Carol,Morgan,carol.morgan@example.com,33
47,Anthony,Brooks,anthony.brooks@example.com,35
48,Ruth,Bell,ruth.bell@example.com,40
49,Jeffrey,Murphy,jeffrey.murphy@example.com,28
50,Stephanie,Bailey,stephanie.bailey@example.com,37
51,Frank,Rivera,frank.rivera@example.com,42
52,Sharon,Cooper,sharon.cooper@example.com,30
53,Raymond,Richardson,raymond.richardson@example.com,49
54,Cynthia,Cox,cynthia.cox@example.com,34
55,Jason,Howard,jason.howard@example.com,31
56,Amy,Ward,amy.ward@example.com,26
57,Ryan,Torres,ryan.torres@example.com,39
58,Angela,Peterson,angela.peterson@example.com,36
59,Jacob,Gray,jacob.gray@example.com,29
60,Brenda,Ramirez,brenda.ramirez@example.com,43
61,Gary,James,gary.james@example.com,32
62,Nicole,Watson,nicole.watson@example.com,27
63,Timothy,Brooks,timothy.brooks@example.com,45
64,Virginia,Reed,virginia.reed@example.com,38
65,Samuel,Sanders,samuel.sanders@example.com,30
66,Katherine,Price,katherine.price@example.com,35
67,Patrick,Bennett,patrick.bennett@example.com,41
68,Debra,Wood,debra.wood@example.com,28
69,Peter,Barnes,peter.barnes@example.com,37
70,Rachel,Ross,rachel.ross@example.com,33
71,Harold,Henderson,harold.henderson@example.com,46
72,Heather,Coleman,heather.coleman@example.com,29
73,Douglas,Jenkins,douglas.jenkins@example.com,40
74,Emma,Patterson,emma.patterson@example.com,31
75,Carl,Long,carl.long@example.com,34
76,Anna,Flores,anna.flores@example.com,27
77,Arthur,Washington,arthur.washington@example.com,48
78,Mildred,Butler,mildred.butler@example.com,36
79,Roger,Simmons,roger.simmons@example.com,32
80,Phyllis,Foster,phyllis.foster@example.com,39
81,Scott,Gonzales,scott.gonzales@example.com,30
82,Marie,Bryant,marie.bryant@example.com,43
83,Jack,Alexander,jack.alexander@example.com,28
84,Julia,Russell,julia.russell@example.com,37
85,Benjamin,Griffin,benjamin.griffin@example.com,41
86,Teresa,Diaz,teresa.diaz@example.com,29
87,Lawrence,Hayes,lawrence.hayes@example.com,35
88,Judith,Myers,judith.myers@example.com,44
89,Alan,Ford,alan.ford@example.com,31
90,Diana,Hamilton,diana.hamilton@example.com,26
91,Willie,Graham,willie.graham@example.com,47
92,Evelyn,Kelly,evelyn.kelly@example.com,33
93,Wayne,Reynolds,wayne.reynolds@example.com,38
94,Christine,Ellis,christine.ellis@example.com,30
95,Philip,Owen,philip.owen@example.com,42
96,Lillian,West,lillian.west@example.com,36
97,Randy,Spencer,randy.spencer@example.com,29
98,Joan,Jordan,joan.jordan@example.com,40
99,Henry,Palmer,henry.palmer@example.com,34
100,Ann,Lawson,ann.lawson@example.com,31
25,Kevin,Evans,kevin.evans@example.com,45
26,Karen,Nelson,karen.nelson@example.com,29
27,Christopher,Baker,christopher.baker@example.com,34
28,Barbara,Hill,barbara.hill@example.com,50
29,Paul,Carter,paul.carter@example.com,38
30,Sandra,Rivera,sandra.rivera@example.com,33
31,Mark,Mitchell,mark.mitchell@example.com,42
32,Elizabeth,Perez,elizabeth.perez@example.com,28
33,Donald,Roberts,donald.roberts@example.com,47
34,Margaret,Turner,margaret.turner@example.com,36
35,Steven,Phillips,steven.phillips@example.com,29
36,Dorothy,Campbell,dorothy.campbell@example.com,41
37,Andrew,Parker,andrew.parker@example.com,30
38,Helen,Evans,helen.evans@example.com,39
39,Joshua,Edwards,joshua.edwards@example.com,32
40,Ashley,Collins,ashley.collins@example.com,27
41,Brian,Stewart,brian.stewart@example.com,44
42,Kimberly,Sanchez,kimberly.sanchez@example.com,31
43,Edward,Morris,edward.morris@example.com,38
44,Donna,Rogers,donna.rogers@example.com,29
45,Ronald,Reed,ronald.reed@example.com,46
46,Carol,Morgan,carol.morgan@example.com,33
47,Anthony,Brooks,anthony.brooks@example.com,35
48,Ruth,Bell,ruth.bell@example.com,40
49,Jeffrey,Murphy,jeffrey.murphy@example.com,28
50,Stephanie,Bailey,stephanie.bailey@example.com,37
51,Frank,Rivera,frank.rivera@example.com,42
52,Sharon,Cooper,sharon.cooper@example.com,30
53,Raymond,Richardson,raymond.richardson@example.com,49
54,Cynthia,Cox,cynthia.cox@example.com,34
55,Jason,Howard,jason.howard@example.com,31
56,Amy,Ward,amy.ward@example.com,26
57,Ryan,Torres,ryan.torres@example.com,39
58,Angela,Peterson,angela.peterson@example.com,36
59,Jacob,Gray,jacob.gray@example.com,29
60,Brenda,Ramirez,brenda.ramirez@example.com,43
61,Gary,James,gary.james@example.com,32
62,Nicole,Watson,nicole.watson@example.com,27
63,Timothy,Brooks,timothy.brooks@example.com,45
64,Virginia,Reed,virginia.reed@example.com,38
65,Samuel,Sanders,samuel.sanders@example.com,30
66,Katherine,Price,katherine.price@example.com,35
67,Patrick,Bennett,patrick.bennett@example.com,41
68,Debra,Wood,debra.wood@example.com,28
69,Peter,Barnes,peter.barnes@example.com,37
70,Rachel,Ross,rachel.ross@example.com,33
71,Harold,Henderson,harold.henderson@example.com,46
72,Heather,Coleman,heather.coleman@example.com,29
73,Douglas,Jenkins,douglas.jenkins@example.com,40
74,Emma,Patterson,emma.patterson@example.com,31
75,Carl,Long,carl.long@example.com,34
76,Anna,Flores,anna.flores@example.com,27
77,Arthur,Washington,arthur.washington@example.com,48
78,Mildred,Butler,mildred.butler@example.com,36
79,Roger,Simmons,roger.simmons@example.com,32
80,Phyllis,Foster,phyllis.foster@example.com,39
81,Scott,Gonzales,scott.gonzales@example.com,30
82,Marie,Bryant,marie.bryant@example.com,43
83,Jack,Alexander,jack.alexander@example.com,28
84,Julia,Russell,julia.russell@example.com,37
85,Benjamin,Griffin,benjamin.griffin@example.com,41
86,Teresa,Diaz,teresa.diaz@example.com,29
87,Lawrence,Hayes,lawrence.hayes@example.com,35
88,Judith,Myers,judith.myers@example.com,44
89,Alan,Ford,alan.ford@example.com,31
90,Diana,Hamilton,diana.hamilton@example.com,26
91,Willie,Graham,willie.graham@example.com,47
92,Evelyn,Kelly,evelyn.kelly@example.com,33
93,Wayne,Reynolds,wayne.reynolds@example.com,38
94,Christine,Ellis,christine.ellis@example.com,30
95,Philip,Owen,philip.owen@example.com,42
96,Lillian,West,lillian.west@example.com,36
97,Randy,Spencer,randy.spencer@example.com,29
98,Joan,Jordan,joan.jordan@example.com,40
99,Henry,Palmer,henry.palmer@example.com,34
100,Ann,Lawson,ann.lawson@example.com,31
25,Kevin,Evans,kevin.evans@example.com,45
26,Karen,Nelson,karen.nelson@example.com,29
27,Christopher,Baker,christopher.baker@example.com,34
28,Barbara,Hill,barbara.hill@example.com,50
29,Paul,Carter,paul.carter@example.com,38
30,Sandra,Rivera,sandra.rivera@example.com,33
31,Mark,Mitchell,mark.mitchell@example.com,42
32,Elizabeth,Perez,elizabeth.perez@example.com,28
33,Donald,Roberts,donald.roberts@example.com,47
34,Margaret,Turner,margaret.turner@example.com,36
35,Steven,Phillips,steven.phillips@example.com,29
36,Dorothy,Campbell,dorothy.campbell@example.com,41
37,Andrew,Parker,andrew.parker@example.com,30
38,Helen,Evans,helen.evans@example.com,39
39,Joshua,Edwards,joshua.edwards@example.com,32
40,Ashley,Collins,ashley.collins@example.com,27
41,Brian,Stewart,brian.stewart@example.com,44
42,Kimberly,Sanchez,kimberly.sanchez@example.com,31
43,Edward,Morris,edward.morris@example.com,38
44,Donna,Rogers,donna.rogers@example.com,29
45,Ronald,Reed,ronald.reed@example.com,46
46,Carol,Morgan,carol.morgan@example.com,33
47,Anthony,Brooks,anthony.brooks@example.com,35
48,Ruth,Bell,ruth.bell@example.com,40
49,Jeffrey,Murphy,jeffrey.murphy@example.com,28
50,Stephanie,Bailey,stephanie.bailey@example.com,37
51,Frank,Rivera,frank.rivera@example.com,42
52,Sharon,Cooper,sharon.cooper@example.com,30
53,Raymond,Richardson,raymond.richardson@example.com,49
54,Cynthia,Cox,cynthia.cox@example.com,34
55,Jason,Howard,jason.howard@example.com,31
56,Amy,Ward,amy.ward@example.com,26
57,Ryan,Torres,ryan.torres@example.com,39
58,Angela,Peterson,angela.peterson@example.com,36
59,Jacob,Gray,jacob.gray@example.com,29
60,Brenda,Ramirez,brenda.ramirez@example.com,43
61,Gary,James,gary.james@example.com,32
62,Nicole,Watson,nicole.watson@example.com,27
63,Timothy,Brooks,timothy.brooks@example.com,45
64,Virginia,Reed,virginia.reed@example.com,38
65,Samuel,Sanders,samuel.sanders@example.com,30
66,Katherine,Price,katherine.price@example.com,35
67,Patrick,Bennett,patrick.bennett@example.com,41
68,Debra,Wood,debra.wood@example.com,28
69,Peter,Barnes,peter.barnes@example.com,37
70,Rachel,Ross,rachel.ross@example.com,33
71,Harold,Henderson,harold.henderson@example.com,46
72,Heather,Coleman,heather.coleman@example.com,29
73,Douglas,Jenkins,douglas.jenkins@example.com,40
74,Emma,Patterson,emma.patterson@example.com,31
75,Carl,Long,carl.long@example.com,34
76,Anna,Flores,anna.flores@example.com,27
77,Arthur,Washington,arthur.washington@example.com,48
78,Mildred,Butler,mildred.butler@example.com,36
79,Roger,Simmons,roger.simmons@example.com,32
80,Phyllis,Foster,phyllis.foster@example.com,39
81,Scott,Gonzales,scott.gonzales@example.com,30
82,Marie,Bryant,marie.bryant@example.com,43
83,Jack,Alexander,jack.alexander@example.com,28
84,Julia,Russell,julia.russell@example.com,37
85,Benjamin,Griffin,benjamin.griffin@example.com,41
86,Teresa,Diaz,teresa.diaz@example.com,29
87,Lawrence,Hayes,lawrence.hayes@example.com,35
88,Judith,Myers,judith.myers@example.com,44
89,Alan,Ford,alan.ford@example.com,31
90,Diana,Hamilton,diana.hamilton@example.com,26
91,Willie,Graham,willie.graham@example.com,47
92,Evelyn,Kelly,evelyn.kelly@example.com,33
93,Wayne,Reynolds,wayne.reynolds@example.com,38
94,Christine,Ellis,christine.ellis@example.com,30
95,Philip,Owen,philip.owen@example.com,42
96,Lillian,West,lillian.west@example.com,36
97,Randy,Spencer,randy.spencer@example.com,29
98,Joan,Jordan,joan.jordan@example.com,40
99,Henry,Palmer,henry.palmer@example.com,34
100,Ann,Lawson,ann.lawson@example.com,31
25,Kevin,Evans,kevin.evans@example.com,45
26,Karen,Nelson,karen.nelson@example.com,29
27,Christopher,Baker,christopher.baker@example.com,34
28,Barbara,Hill,barbara.hill@example.com,50
29,Paul,Carter,paul.carter@example.com,38
30,Sandra,Rivera,sandra.rivera@example.com,33
31,Mark,Mitchell,mark.mitchell@example.com,42
32,Elizabeth,Perez,elizabeth.perez@example.com,28
33,Donald,Roberts,donald.roberts@example.com,47
34,Margaret,Turner,margaret.turner@example.com,36
35,Steven,Phillips,steven.phillips@example.com,29
36,Dorothy,Campbell,dorothy.campbell@example.com,41
37,Andrew,Parker,andrew.parker@example.com,30
38,Helen,Evans,helen.evans@example.com,39
39,Joshua,Edwards,joshua.edwards@example.com,32
40,Ashley,Collins,ashley.collins@example.com,27
41,Brian,Stewart,brian.stewart@example.com,44
42,Kimberly,Sanchez,kimberly.sanchez@example.com,31
43,Edward,Morris,edward.morris@example.com,38
44,Donna,Rogers,donna.rogers@example.com,29
45,Ronald,Reed,ronald.reed@example.com,46
46,Carol,Morgan,carol.morgan@example.com,33
47,Anthony,Brooks,anthony.brooks@example.com,35
48,Ruth,Bell,ruth.bell@example.com,40
49,Jeffrey,Murphy,jeffrey.murphy@example.com,28
50,Stephanie,Bailey,stephanie.bailey@example.com,37
51,Frank,Rivera,frank.rivera@example.com,42
52,Sharon,Cooper,sharon.cooper@example.com,30
53,Raymond,Richardson,raymond.richardson@example.com,49
54,Cynthia,Cox,cynthia.cox@example.com,34
55,Jason,Howard,jason.howard@example.com,31
56,Amy,Ward,amy.ward@example.com,26
57,Ryan,Torres,ryan.torres@example.com,39
58,Angela,Peterson,angela.peterson@example.com,36
59,Jacob,Gray,jacob.gray@example.com,29
60,Brenda,Ramirez,brenda.ramirez@example.com,43
61,Gary,James,gary.james@example.com,32
62,Nicole,Watson,nicole.watson@example.com,27
63,Timothy,Brooks,timothy.brooks@example.com,45
64,Virginia,Reed,virginia.reed@example.com,38
65,Samuel,Sanders,samuel.sanders@example.com,30
66,Katherine,Price,katherine.price@example.com,35
67,Patrick,Bennett,patrick.bennett@example.com,41
68,Debra,Wood,debra.wood@example.com,28
69,Peter,Barnes,peter.barnes@example.com,37
70,Rachel,Ross,rachel.ross@example.com,33
71,Harold,Henderson,harold.henderson@example.com,46
72,Heather,Coleman,heather.coleman@example.com,29
73,Douglas,Jenkins,douglas.jenkins@example.com,40
74,Emma,Patterson,emma.patterson@example.com,31
75,Carl,Long,carl.long@example.com,34
76,Anna,Flores,anna.flores@example.com,27
77,Arthur,Washington,arthur.washington@example.com,48
78,Mildred,Butler,mildred.butler@example.com,36
79,Roger,Simmons,roger.simmons@example.com,32
80,Phyllis,Foster,phyllis.foster@example.com,39
81,Scott,Gonzales,scott.gonzales@example.com,30
82,Marie,Bryant,marie.bryant@example.com,43
83,Jack,Alexander,jack.alexander@example.com,28
84,Julia,Russell,julia.russell@example.com,37
85,Benjamin,Griffin,benjamin.griffin@example.com,41
86,Teresa,Diaz,teresa.diaz@example.com,29
87,Lawrence,Hayes,lawrence.hayes@example.com,35
88,Judith,Myers,judith.myers@example.com,44
89,Alan,Ford,alan.ford@example.com,31
90,Diana,Hamilton,diana.hamilton@example.com,26
91,Willie,Graham,willie.graham@example.com,47
92,Evelyn,Kelly,evelyn.kelly@example.com,33
93,Wayne,Reynolds,wayne.reynolds@example.com,38
94,Christine,Ellis,christine.ellis@example.com,30
95,Philip,Owen,philip.owen@example.com,42
96,Lillian,West,lillian.west@example.com,36
97,Randy,Spencer,randy.spencer@example.com,29
98,Joan,Jordan,joan.jordan@example.com,40
99,Henry,Palmer,henry.palmer@example.com,34
100,Ann,Lawson,ann.lawson@example.com,31
25,Kevin,Evans,kevin.evans@example.com,45
26,Karen,Nelson,karen.nelson@example.com,29
27,Christopher,Baker,christopher.baker@example.com,34
28,Barbara,Hill,barbara.hill@example.com,50
29,Paul,Carter,paul.carter@example.com,38
30,Sandra,Rivera,sandra.rivera@example.com,33
31,Mark,Mitchell,mark.mitchell@example.com,42
32,Elizabeth,Perez,elizabeth.perez@example.com,28
33,Donald,Roberts,donald.roberts@example.com,47
34,Margaret,Turner,margaret.turner@example.com,36
35,Steven,Phillips,steven.phillips@example.com,29
36,Dorothy,Campbell,dorothy.campbell@example.com,41
37,Andrew,Parker,andrew.parker@example.com,30
38,Helen,Evans,helen.evans@example.com,39
39,Joshua,Edwards,joshua.edwards@example.com,32
40,Ashley,Collins,ashley.collins@example.com,27
41,Brian,Stewart,brian.stewart@example.com,44
42,Kimberly,Sanchez,kimberly.sanchez@example.com,31
43,Edward,Morris,edward.morris@example.com,38
44,Donna,Rogers,donna.rogers@example.com,29
45,Ronald,Reed,ronald.reed@example.com,46
46,Carol,Morgan,carol.morgan@example.com,33
47,Anthony,Brooks,anthony.brooks@example.com,35
48,Ruth,Bell,ruth.bell@example.com,40
49,Jeffrey,Murphy,jeffrey.murphy@example.com,28
50,Stephanie,Bailey,stephanie.bailey@example.com,37
51,Frank,Rivera,frank.rivera@example.com,42
52,Sharon,Cooper,sharon.cooper@example.com,30
53,Raymond,Richardson,raymond.richardson@example.com,49
54,Cynthia,Cox,cynthia.cox@example.com,34
55,Jason,Howard,jason.howard@example.com,31
56,Amy,Ward,amy.ward@example.com,26
57,Ryan,Torres,ryan.torres@example.com,39
58,Angela,Peterson,angela.peterson@example.com,36
59,Jacob,Gray,jacob.gray@example.com,29
60,Brenda,Ramirez,brenda.ramirez@example.com,43
61,Gary,James,gary.james@example.com,32
62,Nicole,Watson,nicole.watson@example.com,27
63,Timothy,Brooks,timothy.brooks@example.com,45
64,Virginia,Reed,virginia.reed@example.com,38
65,Samuel,Sanders,samuel.sanders@example.com,30
66,Katherine,Price,katherine.price@example.com,35
67,Patrick,Bennett,patrick.bennett@example.com,41
68,Debra,Wood,debra.wood@example.com,28
69,Peter,Barnes,peter.barnes@example.com,37
70,Rachel,Ross,rachel.ross@example.com,33
71,Harold,Henderson,harold.henderson@example.com,46
72,Heather,Coleman,heather.coleman@example.com,29
73,Douglas,Jenkins,douglas.jenkins@example.com,40
74,Emma,Patterson,emma.patterson@example.com,31
75,Carl,Long,carl.long@example.com,34
76,Anna,Flores,anna.flores@example.com,27
77,Arthur,Washington,arthur.washington@example.com,48
78,Mildred,Butler,mildred.butler@example.com,36
79,Roger,Simmons,roger.simmons@example.com,32
80,Phyllis,Foster,phyllis.foster@example.com,39
81,Scott,Gonzales,scott.gonzales@example.com,30
82,Marie,Bryant,marie.bryant@example.com,43
83,Jack,Alexander,jack.alexander@example.com,28
84,Julia,Russell,julia.russell@example.com,37
85,Benjamin,Griffin,benjamin.griffin@example.com,41
86,Teresa,Diaz,teresa.diaz@example.com,29
87,Lawrence,Hayes,lawrence.hayes@example.com,35
88,Judith,Myers,judith.myers@example.com,44
89,Alan,Ford,alan.ford@example.com,31
90,Diana,Hamilton,diana.hamilton@example.com,26
91,Willie,Graham,willie.graham@example.com,47
92,Evelyn,Kelly,evelyn.kelly@example.com,33
93,Wayne,Reynolds,wayne.reynolds@example.com,38
94,Christine,Ellis,christine.ellis@example.com,30
95,Philip,Owen,philip.owen@example.com,42
96,Lillian,West,lillian.west@example.com,36
97,Randy,Spencer,randy.spencer@example.com,29
98,Joan,Jordan,joan.jordan@example.com,40
99,Henry,Palmer,henry.palmer@example.com,34
100,Ann,Lawson,ann.lawson@example.com,31
25,Kevin,Evans,kevin.evans@example.com,45
26,Karen,Nelson,karen.nelson@example.com,29
27,Christopher,Baker,christopher.baker@example.com,34
28,Barbara,Hill,barbara.hill@example.com,50
29,Paul,Carter,paul.carter@example.com,38
30,Sandra,Rivera,sandra.rivera@example.com,33
31,Mark,Mitchell,mark.mitchell@example.com,42
32,Elizabeth,Perez,elizabeth.perez@example.com,28
33,Donald,Roberts,donald.roberts@example.com,47
34,Margaret,Turner,margaret.turner@example.com,36
35,Steven,Phillips,steven.phillips@example.com,29
36,Dorothy,Campbell,dorothy.campbell@example.com,41
37,Andrew,Parker,andrew.parker@example.com,30
38,Helen,Evans,helen.evans@example.com,39
39,Joshua,Edwards,joshua.edwards@example.com,32
40,Ashley,Collins,ashley.collins@example.com,27
41,Brian,Stewart,brian.stewart@example.com,44
42,Kimberly,Sanchez,kimberly.sanchez@example.com,31
43,Edward,Morris,edward.morris@example.com,38
44,Donna,Rogers,donna.rogers@example.com,29
45,Ronald,Reed,ronald.reed@example.com,46
46,Carol,Morgan,carol.morgan@example.com,33
47,Anthony,Brooks,anthony.brooks@example.com,35
48,Ruth,Bell,ruth.bell@example.com,40
49,Jeffrey,Murphy,jeffrey.murphy@example.com,28
50,Stephanie,Bailey,stephanie.bailey@example.com,37
51,Frank,Rivera,frank.rivera@example.com,42
52,Sharon,Cooper,sharon.cooper@example.com,30
53,Raymond,Richardson,raymond.richardson@example.com,49
54,Cynthia,Cox,cynthia.cox@example.com,34
55,Jason,Howard,jason.howard@example.com,31
56,Amy,Ward,amy.ward@example.com,26
57,Ryan,Torres,ryan.torres@example.com,39
58,Angela,Peterson,angela.peterson@example.com,36
59,Jacob,Gray,jacob.gray@example.com,29
60,Brenda,Ramirez,brenda.ramirez@example.com,43
61,Gary,James,gary.james@example.com,32
62,Nicole,Watson,nicole.watson@example.com,27
63,Timothy,Brooks,timothy.brooks@example.com,45
64,Virginia,Reed,virginia.reed@example.com,38
65,Samuel,Sanders,samuel.sanders@example.com,30
66,Katherine,Price,katherine.price@example.com,35
67,Patrick,Bennett,patrick.bennett@example.com,41
68,Debra,Wood,debra.wood@example.com,28
69,Peter,Barnes,peter.barnes@example.com,37
70,Rachel,Ross,rachel.ross@example.com,33
71,Harold,Henderson,harold.henderson@example.com,46
72,Heather,Coleman,heather.coleman@example.com,29
73,Douglas,Jenkins,douglas.jenkins@example.com,40
74,Emma,Patterson,emma.patterson@example.com,31
75,Carl,Long,carl.long@example.com,34
76,Anna,Flores,anna.flores@example.com,27
77,Arthur,Washington,arthur.washington@example.com,48
78,Mildred,Butler,mildred.butler@example.com,36
79,Roger,Simmons,roger.simmons@example.com,32
80,Phyllis,Foster,phyllis.foster@example.com,39
81,Scott,Gonzales,scott.gonzales@example.com,30
82,Marie,Bryant,marie.bryant@example.com,43
83,Jack,Alexander,jack.alexander@example.com,28
84,Julia,Russell,julia.russell@example.com,37
85,Benjamin,Griffin,benjamin.griffin@example.com,41
86,Teresa,Diaz,teresa.diaz@example.com,29
87,Lawrence,Hayes,lawrence.hayes@example.com,35
88,Judith,Myers,judith.myers@example.com,44
89,Alan,Ford,alan.ford@example.com,31
90,Diana,Hamilton,diana.hamilton@example.com,26
91,Willie,Graham,willie.graham@example.com,47
92,Evelyn,Kelly,evelyn.kelly@example.com,33
93,Wayne,Reynolds,wayne.reynolds@example.com,38
94,Christine,Ellis,christine.ellis@example.com,30
95,Philip,Owen,philip.owen@example.com,42
96,Lillian,West,lillian.west@example.com,36
97,Randy,Spencer,randy.spencer@example.com,29
98,Joan,Jordan,joan.jordan@example.com,40
99,Henry,Palmer,henry.palmer@example.com,34
100,Ann,Lawson,ann.lawson@example.com,31
25,Kevin,Evans,kevin.evans@example.com,45
26,Karen,Nelson,karen.nelson@example.com,29
27,Christopher,Baker,christopher.baker@example.com,34
28,Barbara,Hill,barbara.hill@example.com,50
29,Paul,Carter,paul.carter@example.com,38
30,Sandra,Rivera,sandra.rivera@example.com,33
31,Mark,Mitchell,mark.mitchell@example.com,42
32,Elizabeth,Perez,elizabeth.perez@example.com,28
33,Donald,Roberts,donald.roberts@example.com,47
34,Margaret,Turner,margaret.turner@example.com,36
35,Steven,Phillips,steven.phillips@example.com,29
36,Dorothy,Campbell,dorothy.campbell@example.com,41
37,Andrew,Parker,andrew.parker@example.com,30
38,Helen,Evans,helen.evans@example.com,39
39,Joshua,Edwards,joshua.edwards@example.com,32
40,Ashley,Collins,ashley.collins@example.com,27
41,Brian,Stewart,brian.stewart@example.com,44
42,Kimberly,Sanchez,kimberly.sanchez@example.com,31
43,Edward,Morris,edward.morris@example.com,38
44,Donna,Rogers,donna.rogers@example.com,29
45,Ronald,Reed,ronald.reed@example.com,46
46,Carol,Morgan,carol.morgan@example.com,33
47,Anthony,Brooks,anthony.brooks@example.com,35
48,Ruth,Bell,ruth.bell@example.com,40
49,Jeffrey,Murphy,jeffrey.murphy@example.com,28
50,Stephanie,Bailey,stephanie.bailey@example.com,37
51,Frank,Rivera,frank.rivera@example.com,42
52,Sharon,Cooper,sharon.cooper@example.com,30
53,Raymond,Richardson,raymond.richardson@example.com,49
54,Cynthia,Cox,cynthia.cox@example.com,34
55,Jason,Howard,jason.howard@example.com,31
56,Amy,Ward,amy.ward@example.com,26
57,Ryan,Torres,ryan.torres@example.com,39
58,Angela,Peterson,angela.peterson@example.com,36
59,Jacob,Gray,jacob.gray@example.com,29
60,Brenda,Ramirez,brenda.ramirez@example.com,43
61,Gary,James,gary.james@example.com,32
62,Nicole,Watson,nicole.watson@example.com,27
63,Timothy,Brooks,timothy.brooks@example.com,45
64,Virginia,Reed,virginia.reed@example.com,38
65,Samuel,Sanders,samuel.sanders@example.com,30
66,Katherine,Price,katherine.price@example.com,35
67,Patrick,Bennett,patrick.bennett@example.com,41
68,Debra,Wood,debra.wood@example.com,28
69,Peter,Barnes,peter.barnes@example.com,37
70,Rachel,Ross,rachel.ross@example.com,33
71,Harold,Henderson,harold.henderson@example.com,46
72,Heather,Coleman,heather.coleman@example.com,29
73,Douglas,Jenkins,douglas.jenkins@example.com,40
74,Emma,Patterson,emma.patterson@example.com,31
75,Carl,Long,carl.long@example.com,34
76,Anna,Flores,anna.flores@example.com,27
77,Arthur,Washington,arthur.washington@example.com,48
78,Mildred,Butler,mildred.butler@example.com,36
79,Roger,Simmons,roger.simmons@example.com,32
80,Phyllis,Foster,phyllis.foster@example.com,39
81,Scott,Gonzales,scott.gonzales@example.com,30
82,Marie,Bryant,marie.bryant@example.com,43
83,Jack,Alexander,jack.alexander@example.com,28
84,Julia,Russell,julia.russell@example.com,37
85,Benjamin,Griffin,benjamin.griffin@example.com,41
86,Teresa,Diaz,teresa.diaz@example.com,29
87,Lawrence,Hayes,lawrence.hayes@example.com,35
88,Judith,Myers,judith.myers@example.com,44
89,Alan,Ford,alan.ford@example.com,31
90,Diana,Hamilton,diana.hamilton@example.com,26
91,Willie,Graham,willie.graham@example.com,47
92,Evelyn,Kelly,evelyn.kelly@example.com,33
93,Wayne,Reynolds,wayne.reynolds@example.com,38
94,Christine,Ellis,christine.ellis@example.com,30
95,Philip,Owen,philip.owen@example.com,42
96,Lillian,West,lillian.west@example.com,36
97,Randy,Spencer,randy.spencer@example.com,29
98,Joan,Jordan,joan.jordan@example.com,40
99,Henry,Palmer,henry.palmer@example.com,34
100,Ann,Lawson,ann.lawson@example.com,31
25,Kevin,Evans,kevin.evans@example.com,45
26,Karen,Nelson,karen.nelson@example.com,29
27,Christopher,Baker,christopher.baker@example.com,34
28,Barbara,Hill,barbara.hill@example.com,50
29,Paul,Carter,paul.carter@example.com,38
30,Sandra,Rivera,sandra.rivera@example.com,33
31,Mark,Mitchell,mark.mitchell@example.com,42
32,Elizabeth,Perez,elizabeth.perez@example.com,28
33,Donald,Roberts,donald.roberts@example.com,47
34,Margaret,Turner,margaret.turner@example.com,36
35,Steven,Phillips,steven.phillips@example.com,29
36,Dorothy,Campbell,dorothy.campbell@example.com,41
37,Andrew,Parker,andrew.parker@example.com,30
38,Helen,Evans,helen.evans@example.com,39
39,Joshua,Edwards,joshua.edwards@example.com,32
40,Ashley,Collins,ashley.collins@example.com,27
41,Brian,Stewart,brian.stewart@example.com,44
42,Kimberly,Sanchez,kimberly.sanchez@example.com,31
43,Edward,Morris,edward.morris@example.com,38
44,Donna,Rogers,donna.rogers@example.com,29
45,Ronald,Reed,ronald.reed@example.com,46
46,Carol,Morgan,carol.morgan@example.com,33
47,Anthony,Brooks,anthony.brooks@example.com,35
48,Ruth,Bell,ruth.bell@example.com,40
49,Jeffrey,Murphy,jeffrey.murphy@example.com,28
50,Stephanie,Bailey,stephanie.bailey@example.com,37
51,Frank,Rivera,frank.rivera@example.com,42
52,Sharon,Cooper,sharon.cooper@example.com,30
53,Raymond,Richardson,raymond.richardson@example.com,49
54,Cynthia,Cox,cynthia.cox@example.com,34
55,Jason,Howard,jason.howard@example.com,31
56,Amy,Ward,amy.ward@example.com,26
57,Ryan,Torres,ryan.torres@example.com,39
58,Angela,Peterson,angela.peterson@example.com,36
59,Jacob,Gray,jacob.gray@example.com,29
60,Brenda,Ramirez,brenda.ramirez@example.com,43
61,Gary,James,gary.james@example.com,32
62,Nicole,Watson,nicole.watson@example.com,27
63,Timothy,Brooks,timothy.brooks@example.com,45
64,Virginia,Reed,virginia.reed@example.com,38
65,Samuel,Sanders,samuel.sanders@example.com,30
66,Katherine,Price,katherine.price@example.com,35
67,Patrick,Bennett,patrick.bennett@example.com,41
68,Debra,Wood,debra.wood@example.com,28
69,Peter,Barnes,peter.barnes@example.com,37
70,Rachel,Ross,rachel.ross@example.com,33
71,Harold,Henderson,harold.henderson@example.com,46
72,Heather,Coleman,heather.coleman@example.com,29
73,Douglas,Jenkins,douglas.jenkins@example.com,40
74,Emma,Patterson,emma.patterson@example.com,31
75,Carl,Long,carl.long@example.com,34
76,Anna,Flores,anna.flores@example.com,27
77,Arthur,Washington,arthur.washington@example.com,48
78,Mildred,Butler,mildred.butler@example.com,36
79,Roger,Simmons,roger.simmons@example.com,32
80,Phyllis,Foster,phyllis.foster@example.com,39
81,Scott,Gonzales,scott.gonzales@example.com,30
82,Marie,Bryant,marie.bryant@example.com,43
83,Jack,Alexander,jack.alexander@example.com,28
84,Julia,Russell,julia.russell@example.com,37
85,Benjamin,Griffin,benjamin.griffin@example.com,41
86,Teresa,Diaz,teresa.diaz@example.com,29
87,Lawrence,Hayes,lawrence.hayes@example.com,35
88,Judith,Myers,judith.myers@example.com,44
89,Alan,Ford,alan.ford@example.com,31
90,Diana,Hamilton,diana.hamilton@example.com,26
91,Willie,Graham,willie.graham@example.com,47
92,Evelyn,Kelly,evelyn.kelly@example.com,33
93,Wayne,Reynolds,wayne.reynolds@example.com,38
94,Christine,Ellis,christine.ellis@example.com,30
95,Philip,Owen,philip.owen@example.com,42
96,Lillian,West,lillian.west@example.com,36
97,Randy,Spencer,randy.spencer@example.com,29
98,Joan,Jordan,joan.jordan@example.com,40
99,Henry,Palmer,henry.palmer@example.com,34
100,Ann,Lawson,ann.lawson@example.com,31
25,Kevin,Evans,kevin.evans@example.com,45
26,Karen,Nelson,karen.nelson@example.com,29
27,Christopher,Baker,christopher.baker@example.com,34
28,Barbara,Hill,barbara.hill@example.com,50
29,Paul,Carter,paul.carter@example.com,38
30,Sandra,Rivera,sandra.rivera@example.com,33
31,Mark,Mitchell,mark.mitchell@example.com,42
32,Elizabeth,Perez,elizabeth.perez@example.com,28
33,Donald,Roberts,donald.roberts@example.com,47
34,Margaret,Turner,margaret.turner@example.com,36
35,Steven,Phillips,steven.phillips@example.com,29
36,Dorothy,Campbell,dorothy.campbell@example.com,41
37,Andrew,Parker,andrew.parker@example.com,30
38,Helen,Evans,helen.evans@example.com,39
39,Joshua,Edwards,joshua.edwards@example.com,32
40,Ashley,Collins,ashley.collins@example.com,27
41,Brian,Stewart,brian.stewart@example.com,44
42,Kimberly,Sanchez,kimberly.sanchez@example.com,31
43,Edward,Morris,edward.morris@example.com,38
44,Donna,Rogers,donna.rogers@example.com,29
45,Ronald,Reed,ronald.reed@example.com,46
46,Carol,Morgan,carol.morgan@example.com,33
47,Anthony,Brooks,anthony.brooks@example.com,35
48,Ruth,Bell,ruth.bell@example.com,40
49,Jeffrey,Murphy,jeffrey.murphy@example.com,28
50,Stephanie,Bailey,stephanie.bailey@example.com,37
51,Frank,Rivera,frank.rivera@example.com,42
52,Sharon,Cooper,sharon.cooper@example.com,30
53,Raymond,Richardson,raymond.richardson@example.com,49
54,Cynthia,Cox,cynthia.cox@example.com,34
55,Jason,Howard,jason.howard@example.com,31
56,Amy,Ward,amy.ward@example.com,26
57,Ryan,Torres,ryan.torres@example.com,39
58,Angela,Peterson,angela.peterson@example.com,36
59,Jacob,Gray,jacob.gray@example.com,29
60,Brenda,Ramirez,brenda.ramirez@example.com,43
61,Gary,James,gary.james@example.com,32
62,Nicole,Watson,nicole.watson@example.com,27
63,Timothy,Brooks,timothy.brooks@example.com,45
64,Virginia,Reed,virginia.reed@example.com,38
65,Samuel,Sanders,samuel.sanders@example.com,30
66,Katherine,Price,katherine.price@example.com,35
67,Patrick,Bennett,patrick.bennett@example.com,41
68,Debra,Wood,debra.wood@example.com,28
69,Peter,Barnes,peter.barnes@example.com,37
70,Rachel,Ross,rachel.ross@example.com,33
71,Harold,Henderson,harold.henderson@example.com,46
72,Heather,Coleman,heather.coleman@example.com,29
73,Douglas,Jenkins,douglas.jenkins@example.com,40
74,Emma,Patterson,emma.patterson@example.com,31
75,Carl,Long,carl.long@example.com,34
76,Anna,Flores,anna.flores@example.com,27
77,Arthur,Washington,arthur.washington@example.com,48
78,Mildred,Butler,mildred.butler@example.com,36
79,Roger,Simmons,roger.simmons@example.com,32
80,Phyllis,Foster,phyllis.foster@example.com,39
81,Scott,Gonzales,scott.gonzales@example.com,30
82,Marie,Bryant,marie.bryant@example.com,43
83,Jack,Alexander,jack.alexander@example.com,28
84,Julia,Russell,julia.russell@example.com,37
85,Benjamin,Griffin,benjamin.griffin@example.com,41
86,Teresa,Diaz,teresa.diaz@example.com,29
87,Lawrence,Hayes,lawrence.hayes@example.com,35
88,Judith,Myers,judith.myers@example.com,44
89,Alan,Ford,alan.ford@example.com,31
90,Diana,Hamilton,diana.hamilton@example.com,26
91,Willie,Graham,willie.graham@example.com,47
92,Evelyn,Kelly,evelyn.kelly@example.com,33
93,Wayne,Reynolds,wayne.reynolds@example.com,38
94,Christine,Ellis,christine.ellis@example.com,30
95,Philip,Owen,philip.owen@example.com,42
96,Lillian,West,lillian.west@example.com,36
97,Randy,Spencer,randy.spencer@example.com,29
98,Joan,Jordan,joan.jordan@example.com,40
99,Henry,Palmer,henry.palmer@example.com,34
100,Ann,Lawson,ann.lawson@example.com,31